-- USO
-- Copie el contenido deseado de este archivo en una pestaña SQL de SQL Developer
-- Ejecútelo como un script - Utilice el botón correspondiente de la pestaña utilizada

---- Inserciones para poblar la base de datos par hacer las pruebas de requerimientos
--- Sentencias SQL para la poblacion de las tablas de la BD.

-- Primero creamos el hotel andes en la BD
INSERT INTO HOTELES(ID, NOMBRE, ESTRELLAS) VALUES (1, 'HotelAndes', 5);
--Le creamos a ese hotel unos servicios
INSERT INTO SERVICIOS(ID, ID_HOTEL, NOMBRE, HORA_APERTURA, HORA_CIERRE, TIPO, DESCRIPCION) VALUES (1, 1, 'Piscina', '8', '22', 'ENTRETENIMIENTO', 'Profundidad de dos metros con capacidad de 50 personas');
INSERT INTO SERVICIOS(ID, ID_HOTEL, NOMBRE, HORA_APERTURA, HORA_CIERRE, TIPO, DESCRIPCION) VALUES (2, 1, 'Gimnasio', '8', '22', 'DEPORTE', 'Gimnasio funcional con crossfit y maquinas de spinning');
INSERT INTO SERVICIOS(ID, ID_HOTEL, NOMBRE, HORA_APERTURA, HORA_CIERRE, TIPO, DESCRIPCION) VALUES (3, 1, 'Internet', '00', '24', 'ENTRETENIMIENTO', '8 MEGAS de navegacion');
INSERT INTO SERVICIOS(ID, ID_HOTEL, NOMBRE, HORA_APERTURA, HORA_CIERRE, TIPO, DESCRIPCION) VALUES (4, 1, 'Bar HardRock', '19', '2', 'BAR CROSSOVER', 'Famoso bar internacional');
INSERT INTO SERVICIOS(ID, ID_HOTEL, NOMBRE, HORA_APERTURA, HORA_CIERRE, TIPO, DESCRIPCION) VALUES (5, 1, 'Subway', '8', '22', 'COMIDA RAPIDA', 'Famoso sanduche americano con mucha variedad de opciones');
INSERT INTO SERVICIOS(ID, ID_HOTEL, NOMBRE, HORA_APERTURA, HORA_CIERRE, TIPO, DESCRIPCION) VALUES (6, 1, 'Supermarket', '8', '20', 'SUPERMERCADO', 'Variedad de productos de cuidad sobre todo para tu habitacion');
INSERT INTO SERVICIOS(ID, ID_HOTEL, NOMBRE, HORA_APERTURA, HORA_CIERRE, TIPO, DESCRIPCION) VALUES (7, 1, 'Souvenir', '8', '20', 'TIENDA', 'Tienda de recuerdo de HotelAndes');
INSERT INTO SERVICIOS(ID, ID_HOTEL, NOMBRE, HORA_APERTURA, HORA_CIERRE, TIPO, DESCRIPCION) VALUES (8, 1, 'SPA', '8', '20', 'ENTRETENIMIENTO', 'Deliciosa relajacion');
INSERT INTO SERVICIOS(ID, ID_HOTEL, NOMBRE, HORA_APERTURA, HORA_CIERRE, TIPO, DESCRIPCION) VALUES (9, 1, 'Lavado', '8', '15', 'CUIDADO', 'Se cobra lavada por minuto');
INSERT INTO SERVICIOS(ID, ID_HOTEL, NOMBRE, HORA_APERTURA, HORA_CIERRE, TIPO, DESCRIPCION) VALUES (10, 1, 'Prestamo toalla', '8', '22', 'PRESTAMO', 'Prestamo de toalla, cualquier extraviada multa');
INSERT INTO SERVICIOS(ID, ID_HOTEL, NOMBRE, HORA_APERTURA, HORA_CIERRE, TIPO, DESCRIPCION) VALUES (11, 1, 'Salones De Reunion', '8', '22', 'NEGOCIOS', 'Salones con amplios equipos para cerrar negocios');
INSERT INTO SERVICIOS(ID, ID_HOTEL, NOMBRE, HORA_APERTURA, HORA_CIERRE, TIPO, DESCRIPCION) VALUES (12, 1, 'Salones de conferencia', '8', '22', 'NEGOCIOS', 'Mejores salones para tener las conferencias');
--Productos de los servicios
INSERT INTO PRODUCTOS(ID, ID_SERVICIO, NOMBRE, VALOR) VALUES(1, 1, 'Piscina 1', 1);
INSERT INTO PRODUCTOS(ID, ID_SERVICIO, NOMBRE, VALOR) VALUES(2, 1, 'Piscina 2', 1);
INSERT INTO PRODUCTOS(ID, ID_SERVICIO, NOMBRE, VALOR) VALUES(3, 1, 'Piscina 3', 1);
INSERT INTO PRODUCTOS(ID, ID_SERVICIO, NOMBRE, VALOR) VALUES(4, 2, 'Plan semanal entrenamiento funcional', 50000);
INSERT INTO PRODUCTOS(ID, ID_SERVICIO, NOMBRE, VALOR) VALUES(5, 2, 'Plan semanal spinning', 50000);
INSERT INTO PRODUCTOS(ID, ID_SERVICIO, NOMBRE, VALOR) VALUES(6, 3, '1 dia de Internet', 10000);
INSERT INTO PRODUCTOS(ID, ID_SERVICIO, NOMBRE, VALOR) VALUES(7, 4, 'Chateaubrand', 30000);
INSERT INTO PRODUCTOS(ID, ID_SERVICIO, NOMBRE, VALOR) VALUES(8, 4, 'Tequila shot', 15000);
INSERT INTO PRODUCTOS(ID, ID_SERVICIO, NOMBRE, VALOR) VALUES(9, 4, 'Piña Colada', 20000);
INSERT INTO PRODUCTOS(ID, ID_SERVICIO, NOMBRE, VALOR) VALUES(10, 5, 'Italiano BMT', 15000);
INSERT INTO PRODUCTOS(ID, ID_SERVICIO, NOMBRE, VALOR) VALUES(11, 6, 'Shampoo Old Spice', 26000);
INSERT INTO PRODUCTOS(ID, ID_SERVICIO, NOMBRE, VALOR) VALUES(12, 6, 'Chiclets Adams', 3000);
INSERT INTO PRODUCTOS(ID, ID_SERVICIO, NOMBRE, VALOR) VALUES(13, 7, 'Camiseta I Love uniandes', 30000);
INSERT INTO PRODUCTOS(ID, ID_SERVICIO, NOMBRE, VALOR) VALUES(14, 7, 'Mug I love tequila shots', 30000);
INSERT INTO PRODUCTOS(ID, ID_SERVICIO, NOMBRE, VALOR) VALUES(15, 8, 'Relajante para adelgazar', 30000);
INSERT INTO PRODUCTOS(ID, ID_SERVICIO, NOMBRE, VALOR) VALUES(16, 8, 'Relajacion yoguica', 30000);
INSERT INTO PRODUCTOS(ID, ID_SERVICIO, NOMBRE, VALOR) VALUES(17, 9, 'Minuto lavado', 200);
INSERT INTO PRODUCTOS(ID, ID_SERVICIO, NOMBRE, VALOR) VALUES(18, 10, 'Multa perdida', 50000);
INSERT INTO PRODUCTOS(ID, ID_SERVICIO, NOMBRE, VALOR) VALUES(19, 11, 'Salon con video beam y computador', 30000);
INSERT INTO PRODUCTOS(ID, ID_SERVICIO, NOMBRE, VALOR) VALUES(20, 12, 'Salon grande para keynotes', 3000000);

--Habitaciones del hotel
INSERT INTO HABITACIONES(ID, ID_HOTEL, CAPACIDAD, DOTACION, TIPO_HABITACION) VALUES (1, 1, 2, 'Cafetera, television, aire', 3);
INSERT INTO HABITACIONES(ID, ID_HOTEL, CAPACIDAD, DOTACION, TIPO_HABITACION) VALUES (2, 1, 1, 'Cafetera, television, aire', 3);
INSERT INTO HABITACIONES(ID, ID_HOTEL, CAPACIDAD, DOTACION, TIPO_HABITACION) VALUES (3, 1, 2, 'Cafetera, television, aire', 3);
INSERT INTO HABITACIONES(ID, ID_HOTEL, CAPACIDAD, DOTACION, TIPO_HABITACION) VALUES (4, 1, 6, 'Comedor, jacuzzi, room service', 1);
INSERT INTO HABITACIONES(ID, ID_HOTEL, CAPACIDAD, DOTACION, TIPO_HABITACION) VALUES (5, 1, 7, 'Comedor, jacuzzi, room service', 1);
INSERT INTO HABITACIONES(ID, ID_HOTEL, CAPACIDAD, DOTACION, TIPO_HABITACION) VALUES (6, 1, 6, 'Comedor, jacuzzi, room service', 1);
INSERT INTO HABITACIONES(ID, ID_HOTEL, CAPACIDAD, DOTACION, TIPO_HABITACION) VALUES (7, 1, 8, 'Decoracion de oro, Comedor, jacuzzi, room service', 2);
INSERT INTO HABITACIONES(ID, ID_HOTEL, CAPACIDAD, DOTACION, TIPO_HABITACION) VALUES (8, 1, 9, 'Decoracion de oro, Comedor, jacuzzi, room service', 2);
INSERT INTO HABITACIONES(ID, ID_HOTEL, CAPACIDAD, DOTACION, TIPO_HABITACION) VALUES (9, 1, 8, 'Decoracion de oro, Comedor, jacuzzi, room service', 2);

--Empleados
INSERT INTO EMPLEADOS(ID, TIPO_IDENTIFICACION, ID_HOTEL, ID_ROL, NOMBRE, CORREO_ELECTRONICO, SALARIO) VALUES (123456789, 1, 1, 4, 'Bill Gates', 'gates@hotelandes.com', 15000000);
INSERT INTO EMPLEADOS(ID, TIPO_IDENTIFICACION, ID_HOTEL, ID_ROL, NOMBRE, CORREO_ELECTRONICO, SALARIO) VALUES (234567891, 1, 1, 3, 'Melinda Gates', 'melindagates@hotelandes.com', 16000000);
INSERT INTO EMPLEADOS(ID, TIPO_IDENTIFICACION, ID_HOTEL, ID_ROL, NOMBRE, CORREO_ELECTRONICO, SALARIO) VALUES (345678910, 1, 1, 1, 'Mark Zuckerberg', 'mzucker@hotelandes.com', 6000000);
INSERT INTO EMPLEADOS(ID, TIPO_IDENTIFICACION, ID_HOTEL, ID_ROL, NOMBRE, CORREO_ELECTRONICO, SALARIO) VALUES (456789101, 1, 1, 1, 'Priscilla Chan', 'pchan@hotelandes.com', 6000000);
INSERT INTO EMPLEADOS(ID, TIPO_IDENTIFICACION, ID_HOTEL, ID_ROL, NOMBRE, CORREO_ELECTRONICO, SALARIO) VALUES (567891011, 1, 1, 2, 'Albert Einstein', 'mc@hotelandes.com', 5000000);
INSERT INTO EMPLEADOS(ID, TIPO_IDENTIFICACION, ID_HOTEL, ID_ROL, NOMBRE, CORREO_ELECTRONICO, SALARIO) VALUES (678910112, 1, 1, 2, 'Tesla', 'tesla@hotelandes.com', 5000000);
INSERT INTO EMPLEADOS(ID, TIPO_IDENTIFICACION, ID_HOTEL, ID_ROL, NOMBRE, CORREO_ELECTRONICO, SALARIO) VALUES (789101112, 1, 1, 2, 'Elon', 'paypal@hotelandes.com', 5000000);
INSERT INTO EMPLEADOS(ID, TIPO_IDENTIFICACION, ID_HOTEL, ID_ROL, NOMBRE, CORREO_ELECTRONICO, SALARIO) VALUES (891011121, 1, 1, 2, 'Bezos', 'jeffbezos@hotelandes.com', 5000000);

--Reserva Habitacion
INSERT INTO RESERVAS_HABITACIONES(ID, ID_CLIENTE, TIPO_IDENTIFICACION, ID_HABITACION, ID_PLAN_DE_CONSUMO, FECHA_INICIO, FECHA_FIN, CHECKED_IN, CHECKED_OUT, PAZ_Y_SALVO) VALUES (1, 246810121, 1, 1, 3, '17/04/2019', '30/04/2019', 1, 0, 0);
INSERT INTO RESERVAS_HABITACIONES(ID, ID_CLIENTE, TIPO_IDENTIFICACION, ID_HABITACION, ID_PLAN_DE_CONSUMO, FECHA_INICIO, FECHA_FIN, CHECKED_IN, CHECKED_OUT, PAZ_Y_SALVO) VALUES (2, 468101214, 1, 2, 3, '17/04/2019', '30/04/2019', 1, 0, 0);
INSERT INTO RESERVAS_HABITACIONES(ID, ID_CLIENTE, TIPO_IDENTIFICACION, ID_HABITACION, ID_PLAN_DE_CONSUMO, FECHA_INICIO, FECHA_FIN, CHECKED_IN, CHECKED_OUT, PAZ_Y_SALVO) VALUES (3, 681012141, 1, 3, 3, '17/04/2019', '30/04/2019', 1, 0, 0);
INSERT INTO RESERVAS_HABITACIONES(ID, ID_CLIENTE, TIPO_IDENTIFICACION, ID_HABITACION, ID_PLAN_DE_CONSUMO, FECHA_INICIO, FECHA_FIN, CHECKED_IN, CHECKED_OUT, PAZ_Y_SALVO) VALUES (4, 810121416, 1, 4, 3, '17/04/2019', '30/04/2019', 1, 0, 0);
INSERT INTO RESERVAS_HABITACIONES(ID, ID_CLIENTE, TIPO_IDENTIFICACION, ID_HABITACION, ID_PLAN_DE_CONSUMO, FECHA_INICIO, FECHA_FIN, CHECKED_IN, CHECKED_OUT, PAZ_Y_SALVO) VALUES (5, 101214161, 1, 5, 3, '17/04/2019', '30/04/2019', 1, 0, 0);
INSERT INTO RESERVAS_HABITACIONES(ID, ID_CLIENTE, TIPO_IDENTIFICACION, ID_HABITACION, ID_PLAN_DE_CONSUMO, FECHA_INICIO, FECHA_FIN, CHECKED_IN, CHECKED_OUT, PAZ_Y_SALVO) VALUES (6, 012141618, 1, 6, 3, '17/04/2019', '30/04/2019', 1, 0, 0);
INSERT INTO RESERVAS_HABITACIONES(ID, ID_CLIENTE, TIPO_IDENTIFICACION, ID_HABITACION, ID_PLAN_DE_CONSUMO, FECHA_INICIO, FECHA_FIN, CHECKED_IN, CHECKED_OUT, PAZ_Y_SALVO) VALUES (7, 121416182, 1, 7, 3, '17/04/2019', '30/04/2019', 1, 0, 0);
INSERT INTO RESERVAS_HABITACIONES(ID, ID_CLIENTE, TIPO_IDENTIFICACION, ID_HABITACION, ID_PLAN_DE_CONSUMO, FECHA_INICIO, FECHA_FIN, CHECKED_IN, CHECKED_OUT, PAZ_Y_SALVO) VALUES (8, 214161820, 1, 8, 3, '17/04/2019', '30/04/2019', 1, 0, 0);
INSERT INTO RESERVAS_HABITACIONES(ID, ID_CLIENTE, TIPO_IDENTIFICACION, ID_HABITACION, ID_PLAN_DE_CONSUMO, FECHA_INICIO, FECHA_FIN, CHECKED_IN, CHECKED_OUT, PAZ_Y_SALVO) VALUES (9, 141618202, 1, 9, 3, '17/04/2019', '30/04/2019', 1, 0, 0);


--Clientes
INSERT INTO CLIENTES(ID, TIPO_IDENTIFICACION, ID_HOTEL, ID_RESERVA_HABITACION, NOMBRE, CORREO_ELECTRONICO) VALUES (246810121, 1, 1, 1, 'DUMMY', 'dummy@hotelandes.com');
INSERT INTO CLIENTES(ID, TIPO_IDENTIFICACION, ID_HOTEL, ID_RESERVA_HABITACION, NOMBRE, CORREO_ELECTRONICO) VALUES (468101214, 1, 1, 2, 'Jairo', 'j@hotelandes.com');
INSERT INTO CLIENTES(ID, TIPO_IDENTIFICACION, ID_HOTEL, ID_RESERVA_HABITACION, NOMBRE, CORREO_ELECTRONICO) VALUES (681012141, 1, 1, 3, 'Daniel', 'd@hotelandes.com');
INSERT INTO CLIENTES(ID, TIPO_IDENTIFICACION, ID_HOTEL, ID_RESERVA_HABITACION, NOMBRE, CORREO_ELECTRONICO) VALUES (810121416, 1, 1, 4, 'Juan', 'juan@hotelandes.com');
INSERT INTO CLIENTES(ID, TIPO_IDENTIFICACION, ID_HOTEL, ID_RESERVA_HABITACION, NOMBRE, CORREO_ELECTRONICO) VALUES (101214161, 1, 1, 5, 'Diego', 'diego@hotelandes.com');
INSERT INTO CLIENTES(ID, TIPO_IDENTIFICACION, ID_HOTEL, ID_RESERVA_HABITACION, NOMBRE, CORREO_ELECTRONICO) VALUES (012141618, 1, 1, 6, 'William', 'willy@hotelandes.com');
INSERT INTO CLIENTES(ID, TIPO_IDENTIFICACION, ID_HOTEL, ID_RESERVA_HABITACION, NOMBRE, CORREO_ELECTRONICO) VALUES (121416182, 1, 1, 7, 'Robert', 'bob@hotelandes.com');
INSERT INTO CLIENTES(ID, TIPO_IDENTIFICACION, ID_HOTEL, ID_RESERVA_HABITACION, NOMBRE, CORREO_ELECTRONICO) VALUES (214161820, 1, 1, 8, 'Pedro', 'pete@hotelandes.com');
INSERT INTO CLIENTES(ID, TIPO_IDENTIFICACION, ID_HOTEL, ID_RESERVA_HABITACION, NOMBRE, CORREO_ELECTRONICO) VALUES (141618202, 1, 1, 9, 'Luis', 'lmgomezl@hotelandes.com');

--Gastos
INSERT INTO GASTOS (ID, ID_PRODUCTO, ID_RESERVA_HABITACION, FECHA_DE_GASTO) values (1, 1, 1, '17/04/2019');
INSERT INTO GASTOS (ID, ID_PRODUCTO, ID_RESERVA_HABITACION, FECHA_DE_GASTO) values (2, 16, 3, '17/04/2019');
INSERT INTO GASTOS (ID, ID_PRODUCTO, ID_RESERVA_HABITACION, FECHA_DE_GASTO) values (3, 18, 4, '17/04/2019');
INSERT INTO GASTOS (ID, ID_PRODUCTO, ID_RESERVA_HABITACION, FECHA_DE_GASTO) values (4, 6, 2, '17/04/2019');
INSERT INTO GASTOS (ID, ID_PRODUCTO, ID_RESERVA_HABITACION, FECHA_DE_GASTO) values (5, 13, 7, '17/04/2019');
INSERT INTO GASTOS (ID, ID_PRODUCTO, ID_RESERVA_HABITACION, FECHA_DE_GASTO) values (6, 8, 5, '17/04/2019');
INSERT INTO GASTOS (ID, ID_PRODUCTO, ID_RESERVA_HABITACION, FECHA_DE_GASTO) values (7, 7, 9, '17/04/2019');
INSERT INTO GASTOS (ID, ID_PRODUCTO, ID_RESERVA_HABITACION, FECHA_DE_GASTO) values (8, 9, 6, '17/04/2019');
INSERT INTO GASTOS (ID, ID_PRODUCTO, ID_RESERVA_HABITACION, FECHA_DE_GASTO) values (9, 15, 7, '17/04/2019');
INSERT INTO GASTOS (ID, ID_PRODUCTO, ID_RESERVA_HABITACION, FECHA_DE_GASTO) values (10, 20, 4, '17/04/2019');
INSERT INTO GASTOS (ID, ID_PRODUCTO, ID_RESERVA_HABITACION, FECHA_DE_GASTO) values (11, 4, 6, '17/04/2019');
INSERT INTO GASTOS (ID, ID_PRODUCTO, ID_RESERVA_HABITACION, FECHA_DE_GASTO) values (12, 6, 9, '17/04/2019');
INSERT INTO GASTOS (ID, ID_PRODUCTO, ID_RESERVA_HABITACION, FECHA_DE_GASTO) values (13, 15, 1, '17/04/2019');
INSERT INTO GASTOS (ID, ID_PRODUCTO, ID_RESERVA_HABITACION, FECHA_DE_GASTO) values (14, 15, 2, '17/04/2019');
INSERT INTO GASTOS (ID, ID_PRODUCTO, ID_RESERVA_HABITACION, FECHA_DE_GASTO) values (15, 20, 4, '17/04/2019');
INSERT INTO GASTOS (ID, ID_PRODUCTO, ID_RESERVA_HABITACION, FECHA_DE_GASTO) values (16, 7, 8, '17/04/2019');
INSERT INTO GASTOS (ID, ID_PRODUCTO, ID_RESERVA_HABITACION, FECHA_DE_GASTO) values (17, 2, 4, '17/04/2019');
INSERT INTO GASTOS (ID, ID_PRODUCTO, ID_RESERVA_HABITACION, FECHA_DE_GASTO) values (18, 6, 8, '17/04/2019');
INSERT INTO GASTOS (ID, ID_PRODUCTO, ID_RESERVA_HABITACION, FECHA_DE_GASTO) values (19, 15, 8, '17/04/2019');
INSERT INTO GASTOS (ID, ID_PRODUCTO, ID_RESERVA_HABITACION, FECHA_DE_GASTO) values (20, 16, 7, '17/04/2019');
INSERT INTO GASTOS (ID, ID_PRODUCTO, ID_RESERVA_HABITACION, FECHA_DE_GASTO) values (21, 18, 1, '17/04/2019');
INSERT INTO GASTOS (ID, ID_PRODUCTO, ID_RESERVA_HABITACION, FECHA_DE_GASTO) values (22, 20, 8, '17/04/2019');
INSERT INTO GASTOS (ID, ID_PRODUCTO, ID_RESERVA_HABITACION, FECHA_DE_GASTO) values (23, 17, 4, '17/04/2019');
INSERT INTO GASTOS (ID, ID_PRODUCTO, ID_RESERVA_HABITACION, FECHA_DE_GASTO) values (24, 18, 4, '17/04/2019');
INSERT INTO GASTOS (ID, ID_PRODUCTO, ID_RESERVA_HABITACION, FECHA_DE_GASTO) values (25, 2, 1, '17/04/2019');
INSERT INTO GASTOS (ID, ID_PRODUCTO, ID_RESERVA_HABITACION, FECHA_DE_GASTO) values (26, 11, 4, '17/04/2019');
INSERT INTO GASTOS (ID, ID_PRODUCTO, ID_RESERVA_HABITACION, FECHA_DE_GASTO) values (27, 20, 1, '17/04/2019');
INSERT INTO GASTOS (ID, ID_PRODUCTO, ID_RESERVA_HABITACION, FECHA_DE_GASTO) values (28, 17, 8, '17/04/2019');
INSERT INTO GASTOS (ID, ID_PRODUCTO, ID_RESERVA_HABITACION, FECHA_DE_GASTO) values (29, 8, 3, '17/04/2019');
INSERT INTO GASTOS (ID, ID_PRODUCTO, ID_RESERVA_HABITACION, FECHA_DE_GASTO) values (30, 17, 6, '17/04/2019');
INSERT INTO GASTOS (ID, ID_PRODUCTO, ID_RESERVA_HABITACION, FECHA_DE_GASTO) values (31, 1, 7, '17/04/2019');
INSERT INTO GASTOS (ID, ID_PRODUCTO, ID_RESERVA_HABITACION, FECHA_DE_GASTO) values (32, 13, 8, '17/04/2019');
INSERT INTO GASTOS (ID, ID_PRODUCTO, ID_RESERVA_HABITACION, FECHA_DE_GASTO) values (33, 1, 6, '17/04/2019');
INSERT INTO GASTOS (ID, ID_PRODUCTO, ID_RESERVA_HABITACION, FECHA_DE_GASTO) values (34, 17, 6, '17/04/2019');
INSERT INTO GASTOS (ID, ID_PRODUCTO, ID_RESERVA_HABITACION, FECHA_DE_GASTO) values (35, 12, 4, '17/04/2019');
INSERT INTO GASTOS (ID, ID_PRODUCTO, ID_RESERVA_HABITACION, FECHA_DE_GASTO) values (36, 20, 4, '17/04/2019');
INSERT INTO GASTOS (ID, ID_PRODUCTO, ID_RESERVA_HABITACION, FECHA_DE_GASTO) values (37, 15, 3, '17/04/2019');
INSERT INTO GASTOS (ID, ID_PRODUCTO, ID_RESERVA_HABITACION, FECHA_DE_GASTO) values (38, 3, 4, '17/04/2019');
INSERT INTO GASTOS (ID, ID_PRODUCTO, ID_RESERVA_HABITACION, FECHA_DE_GASTO) values (39, 19, 7, '17/04/2019');
INSERT INTO GASTOS (ID, ID_PRODUCTO, ID_RESERVA_HABITACION, FECHA_DE_GASTO) values (40, 18, 2, '17/04/2019');
INSERT INTO GASTOS (ID, ID_PRODUCTO, ID_RESERVA_HABITACION, FECHA_DE_GASTO) values (41, 20, 6, '17/04/2019');
INSERT INTO GASTOS (ID, ID_PRODUCTO, ID_RESERVA_HABITACION, FECHA_DE_GASTO) values (42, 13, 9, '17/04/2019');
INSERT INTO GASTOS (ID, ID_PRODUCTO, ID_RESERVA_HABITACION, FECHA_DE_GASTO) values (43, 10, 2, '17/04/2019');
INSERT INTO GASTOS (ID, ID_PRODUCTO, ID_RESERVA_HABITACION, FECHA_DE_GASTO) values (44, 1, 3, '17/04/2019');
INSERT INTO GASTOS (ID, ID_PRODUCTO, ID_RESERVA_HABITACION, FECHA_DE_GASTO) values (45, 5, 2, '17/04/2019');
INSERT INTO GASTOS (ID, ID_PRODUCTO, ID_RESERVA_HABITACION, FECHA_DE_GASTO) values (46, 16, 3, '17/04/2019');
INSERT INTO GASTOS (ID, ID_PRODUCTO, ID_RESERVA_HABITACION, FECHA_DE_GASTO) values (47, 3, 9, '17/04/2019');
INSERT INTO GASTOS (ID, ID_PRODUCTO, ID_RESERVA_HABITACION, FECHA_DE_GASTO) values (48, 2, 4, '17/04/2019');
INSERT INTO GASTOS (ID, ID_PRODUCTO, ID_RESERVA_HABITACION, FECHA_DE_GASTO) values (49, 19, 7, '17/04/2019');
INSERT INTO GASTOS (ID, ID_PRODUCTO, ID_RESERVA_HABITACION, FECHA_DE_GASTO) values (50, 17, 7, '17/04/2019');
INSERT INTO GASTOS (ID, ID_PRODUCTO, ID_RESERVA_HABITACION, FECHA_DE_GASTO) values (51, 6, 9, '17/04/2019');
INSERT INTO GASTOS (ID, ID_PRODUCTO, ID_RESERVA_HABITACION, FECHA_DE_GASTO) values (52, 6, 1, '17/04/2019');
INSERT INTO GASTOS (ID, ID_PRODUCTO, ID_RESERVA_HABITACION, FECHA_DE_GASTO) values (53, 4, 9, '17/04/2019');
INSERT INTO GASTOS (ID, ID_PRODUCTO, ID_RESERVA_HABITACION, FECHA_DE_GASTO) values (54, 1, 8, '17/04/2019');
INSERT INTO GASTOS (ID, ID_PRODUCTO, ID_RESERVA_HABITACION, FECHA_DE_GASTO) values (55, 20, 1, '17/04/2019');
INSERT INTO GASTOS (ID, ID_PRODUCTO, ID_RESERVA_HABITACION, FECHA_DE_GASTO) values (56, 5, 1, '17/04/2019');
INSERT INTO GASTOS (ID, ID_PRODUCTO, ID_RESERVA_HABITACION, FECHA_DE_GASTO) values (57, 8, 6, '17/04/2019');
INSERT INTO GASTOS (ID, ID_PRODUCTO, ID_RESERVA_HABITACION, FECHA_DE_GASTO) values (58, 18, 1, '17/04/2019');
INSERT INTO GASTOS (ID, ID_PRODUCTO, ID_RESERVA_HABITACION, FECHA_DE_GASTO) values (59, 2, 6, '17/04/2019');
INSERT INTO GASTOS (ID, ID_PRODUCTO, ID_RESERVA_HABITACION, FECHA_DE_GASTO) values (60, 6, 6, '17/04/2019');
INSERT INTO GASTOS (ID, ID_PRODUCTO, ID_RESERVA_HABITACION, FECHA_DE_GASTO) values (61, 6, 4, '17/04/2019');
INSERT INTO GASTOS (ID, ID_PRODUCTO, ID_RESERVA_HABITACION, FECHA_DE_GASTO) values (62, 1, 8, '17/04/2019');
INSERT INTO GASTOS (ID, ID_PRODUCTO, ID_RESERVA_HABITACION, FECHA_DE_GASTO) values (63, 7, 3, '17/04/2019');
INSERT INTO GASTOS (ID, ID_PRODUCTO, ID_RESERVA_HABITACION, FECHA_DE_GASTO) values (64, 5, 5, '17/04/2019');
INSERT INTO GASTOS (ID, ID_PRODUCTO, ID_RESERVA_HABITACION, FECHA_DE_GASTO) values (65, 16, 6, '17/04/2019');
INSERT INTO GASTOS (ID, ID_PRODUCTO, ID_RESERVA_HABITACION, FECHA_DE_GASTO) values (66, 19, 8, '17/04/2019');
INSERT INTO GASTOS (ID, ID_PRODUCTO, ID_RESERVA_HABITACION, FECHA_DE_GASTO) values (67, 17, 6, '17/04/2019');
INSERT INTO GASTOS (ID, ID_PRODUCTO, ID_RESERVA_HABITACION, FECHA_DE_GASTO) values (68, 14, 1, '17/04/2019');
INSERT INTO GASTOS (ID, ID_PRODUCTO, ID_RESERVA_HABITACION, FECHA_DE_GASTO) values (69, 16, 9, '17/04/2019');
INSERT INTO GASTOS (ID, ID_PRODUCTO, ID_RESERVA_HABITACION, FECHA_DE_GASTO) values (70, 13, 2, '17/04/2019');
INSERT INTO GASTOS (ID, ID_PRODUCTO, ID_RESERVA_HABITACION, FECHA_DE_GASTO) values (71, 17, 8, '17/04/2019');
INSERT INTO GASTOS (ID, ID_PRODUCTO, ID_RESERVA_HABITACION, FECHA_DE_GASTO) values (72, 6, 8, '17/04/2019');
INSERT INTO GASTOS (ID, ID_PRODUCTO, ID_RESERVA_HABITACION, FECHA_DE_GASTO) values (73, 8, 3, '17/04/2019');
INSERT INTO GASTOS (ID, ID_PRODUCTO, ID_RESERVA_HABITACION, FECHA_DE_GASTO) values (74, 12, 6, '17/04/2019');
INSERT INTO GASTOS (ID, ID_PRODUCTO, ID_RESERVA_HABITACION, FECHA_DE_GASTO) values (75, 7, 6, '17/04/2019');
INSERT INTO GASTOS (ID, ID_PRODUCTO, ID_RESERVA_HABITACION, FECHA_DE_GASTO) values (76, 4, 2, '17/04/2019');
INSERT INTO GASTOS (ID, ID_PRODUCTO, ID_RESERVA_HABITACION, FECHA_DE_GASTO) values (77, 20, 6, '17/04/2019');
INSERT INTO GASTOS (ID, ID_PRODUCTO, ID_RESERVA_HABITACION, FECHA_DE_GASTO) values (78, 18, 3, '17/04/2019');
INSERT INTO GASTOS (ID, ID_PRODUCTO, ID_RESERVA_HABITACION, FECHA_DE_GASTO) values (79, 18, 3, '17/04/2019');
INSERT INTO GASTOS (ID, ID_PRODUCTO, ID_RESERVA_HABITACION, FECHA_DE_GASTO) values (80, 9, 8, '17/04/2019');
INSERT INTO GASTOS (ID, ID_PRODUCTO, ID_RESERVA_HABITACION, FECHA_DE_GASTO) values (81, 8, 2, '17/04/2019');
INSERT INTO GASTOS (ID, ID_PRODUCTO, ID_RESERVA_HABITACION, FECHA_DE_GASTO) values (82, 5, 5, '17/04/2019');
INSERT INTO GASTOS (ID, ID_PRODUCTO, ID_RESERVA_HABITACION, FECHA_DE_GASTO) values (83, 14, 3, '17/04/2019');
INSERT INTO GASTOS (ID, ID_PRODUCTO, ID_RESERVA_HABITACION, FECHA_DE_GASTO) values (84, 19, 3, '17/04/2019');
INSERT INTO GASTOS (ID, ID_PRODUCTO, ID_RESERVA_HABITACION, FECHA_DE_GASTO) values (85, 15, 7, '17/04/2019');
INSERT INTO GASTOS (ID, ID_PRODUCTO, ID_RESERVA_HABITACION, FECHA_DE_GASTO) values (86, 18, 3, '17/04/2019');
INSERT INTO GASTOS (ID, ID_PRODUCTO, ID_RESERVA_HABITACION, FECHA_DE_GASTO) values (87, 11, 8, '17/04/2019');
INSERT INTO GASTOS (ID, ID_PRODUCTO, ID_RESERVA_HABITACION, FECHA_DE_GASTO) values (88, 9, 4, '17/04/2019');
INSERT INTO GASTOS (ID, ID_PRODUCTO, ID_RESERVA_HABITACION, FECHA_DE_GASTO) values (89, 8, 3, '17/04/2019');
INSERT INTO GASTOS (ID, ID_PRODUCTO, ID_RESERVA_HABITACION, FECHA_DE_GASTO) values (90, 15, 8, '17/04/2019');
INSERT INTO GASTOS (ID, ID_PRODUCTO, ID_RESERVA_HABITACION, FECHA_DE_GASTO) values (91, 9, 4, '17/04/2019');
INSERT INTO GASTOS (ID, ID_PRODUCTO, ID_RESERVA_HABITACION, FECHA_DE_GASTO) values (92, 6, 1, '17/04/2019');
INSERT INTO GASTOS (ID, ID_PRODUCTO, ID_RESERVA_HABITACION, FECHA_DE_GASTO) values (93, 10, 1, '17/04/2019');
INSERT INTO GASTOS (ID, ID_PRODUCTO, ID_RESERVA_HABITACION, FECHA_DE_GASTO) values (94, 8, 4, '17/04/2019');
INSERT INTO GASTOS (ID, ID_PRODUCTO, ID_RESERVA_HABITACION, FECHA_DE_GASTO) values (95, 14, 4, '17/04/2019');
INSERT INTO GASTOS (ID, ID_PRODUCTO, ID_RESERVA_HABITACION, FECHA_DE_GASTO) values (96, 16, 6, '17/04/2019');
INSERT INTO GASTOS (ID, ID_PRODUCTO, ID_RESERVA_HABITACION, FECHA_DE_GASTO) values (97, 8, 7, '17/04/2019');
INSERT INTO GASTOS (ID, ID_PRODUCTO, ID_RESERVA_HABITACION, FECHA_DE_GASTO) values (98, 8, 2, '17/04/2019');
INSERT INTO GASTOS (ID, ID_PRODUCTO, ID_RESERVA_HABITACION, FECHA_DE_GASTO) values (99, 9, 2, '17/04/2019');
INSERT INTO GASTOS (ID, ID_PRODUCTO, ID_RESERVA_HABITACION, FECHA_DE_GASTO) values (100, 17, 2, '17/04/2019');
INSERT INTO GASTOS (ID, ID_PRODUCTO, ID_RESERVA_HABITACION, FECHA_DE_GASTO) values (101, 10, 9, '17/04/2019');
INSERT INTO GASTOS (ID, ID_PRODUCTO, ID_RESERVA_HABITACION, FECHA_DE_GASTO) values (102, 17, 3, '17/04/2019');
INSERT INTO GASTOS (ID, ID_PRODUCTO, ID_RESERVA_HABITACION, FECHA_DE_GASTO) values (103, 19, 7, '17/04/2019');
INSERT INTO GASTOS (ID, ID_PRODUCTO, ID_RESERVA_HABITACION, FECHA_DE_GASTO) values (104, 8, 3, '17/04/2019');
INSERT INTO GASTOS (ID, ID_PRODUCTO, ID_RESERVA_HABITACION, FECHA_DE_GASTO) values (105, 6, 6, '17/04/2019');
INSERT INTO GASTOS (ID, ID_PRODUCTO, ID_RESERVA_HABITACION, FECHA_DE_GASTO) values (106, 19, 2, '17/04/2019');
INSERT INTO GASTOS (ID, ID_PRODUCTO, ID_RESERVA_HABITACION, FECHA_DE_GASTO) values (107, 1, 9, '17/04/2019');
INSERT INTO GASTOS (ID, ID_PRODUCTO, ID_RESERVA_HABITACION, FECHA_DE_GASTO) values (108, 20, 3, '17/04/2019');
INSERT INTO GASTOS (ID, ID_PRODUCTO, ID_RESERVA_HABITACION, FECHA_DE_GASTO) values (109, 3, 6, '17/04/2019');
INSERT INTO GASTOS (ID, ID_PRODUCTO, ID_RESERVA_HABITACION, FECHA_DE_GASTO) values (110, 2, 4, '17/04/2019');
INSERT INTO GASTOS (ID, ID_PRODUCTO, ID_RESERVA_HABITACION, FECHA_DE_GASTO) values (111, 20, 3, '17/04/2019');
INSERT INTO GASTOS (ID, ID_PRODUCTO, ID_RESERVA_HABITACION, FECHA_DE_GASTO) values (112, 7, 6, '17/04/2019');
INSERT INTO GASTOS (ID, ID_PRODUCTO, ID_RESERVA_HABITACION, FECHA_DE_GASTO) values (113, 14, 6, '17/04/2019');
INSERT INTO GASTOS (ID, ID_PRODUCTO, ID_RESERVA_HABITACION, FECHA_DE_GASTO) values (114, 4, 7, '17/04/2019');
INSERT INTO GASTOS (ID, ID_PRODUCTO, ID_RESERVA_HABITACION, FECHA_DE_GASTO) values (115, 14, 2, '17/04/2019');
INSERT INTO GASTOS (ID, ID_PRODUCTO, ID_RESERVA_HABITACION, FECHA_DE_GASTO) values (116, 11, 4, '17/04/2019');
INSERT INTO GASTOS (ID, ID_PRODUCTO, ID_RESERVA_HABITACION, FECHA_DE_GASTO) values (117, 6, 9, '17/04/2019');
INSERT INTO GASTOS (ID, ID_PRODUCTO, ID_RESERVA_HABITACION, FECHA_DE_GASTO) values (118, 17, 2, '17/04/2019');
INSERT INTO GASTOS (ID, ID_PRODUCTO, ID_RESERVA_HABITACION, FECHA_DE_GASTO) values (119, 20, 8, '17/04/2019');
INSERT INTO GASTOS (ID, ID_PRODUCTO, ID_RESERVA_HABITACION, FECHA_DE_GASTO) values (120, 9, 7, '17/04/2019');
INSERT INTO GASTOS (ID, ID_PRODUCTO, ID_RESERVA_HABITACION, FECHA_DE_GASTO) values (121, 2, 2, '17/04/2019');
INSERT INTO GASTOS (ID, ID_PRODUCTO, ID_RESERVA_HABITACION, FECHA_DE_GASTO) values (122, 14, 3, '17/04/2019');
INSERT INTO GASTOS (ID, ID_PRODUCTO, ID_RESERVA_HABITACION, FECHA_DE_GASTO) values (123, 17, 6, '17/04/2019');
INSERT INTO GASTOS (ID, ID_PRODUCTO, ID_RESERVA_HABITACION, FECHA_DE_GASTO) values (124, 17, 3, '17/04/2019');
INSERT INTO GASTOS (ID, ID_PRODUCTO, ID_RESERVA_HABITACION, FECHA_DE_GASTO) values (125, 6, 8, '17/04/2019');
INSERT INTO GASTOS (ID, ID_PRODUCTO, ID_RESERVA_HABITACION, FECHA_DE_GASTO) values (126, 11, 6, '17/04/2019');
INSERT INTO GASTOS (ID, ID_PRODUCTO, ID_RESERVA_HABITACION, FECHA_DE_GASTO) values (127, 16, 8, '17/04/2019');
INSERT INTO GASTOS (ID, ID_PRODUCTO, ID_RESERVA_HABITACION, FECHA_DE_GASTO) values (128, 3, 4, '17/04/2019');
INSERT INTO GASTOS (ID, ID_PRODUCTO, ID_RESERVA_HABITACION, FECHA_DE_GASTO) values (129, 4, 6, '17/04/2019');
INSERT INTO GASTOS (ID, ID_PRODUCTO, ID_RESERVA_HABITACION, FECHA_DE_GASTO) values (130, 15, 1, '17/04/2019');
INSERT INTO GASTOS (ID, ID_PRODUCTO, ID_RESERVA_HABITACION, FECHA_DE_GASTO) values (131, 19, 6, '17/04/2019');
INSERT INTO GASTOS (ID, ID_PRODUCTO, ID_RESERVA_HABITACION, FECHA_DE_GASTO) values (132, 6, 6, '17/04/2019');
INSERT INTO GASTOS (ID, ID_PRODUCTO, ID_RESERVA_HABITACION, FECHA_DE_GASTO) values (133, 2, 7, '17/04/2019');
INSERT INTO GASTOS (ID, ID_PRODUCTO, ID_RESERVA_HABITACION, FECHA_DE_GASTO) values (134, 7, 6, '17/04/2019');
INSERT INTO GASTOS (ID, ID_PRODUCTO, ID_RESERVA_HABITACION, FECHA_DE_GASTO) values (135, 17, 9, '17/04/2019');
INSERT INTO GASTOS (ID, ID_PRODUCTO, ID_RESERVA_HABITACION, FECHA_DE_GASTO) values (136, 19, 8, '17/04/2019');
INSERT INTO GASTOS (ID, ID_PRODUCTO, ID_RESERVA_HABITACION, FECHA_DE_GASTO) values (137, 9, 7, '17/04/2019');
INSERT INTO GASTOS (ID, ID_PRODUCTO, ID_RESERVA_HABITACION, FECHA_DE_GASTO) values (138, 1, 3, '17/04/2019');
INSERT INTO GASTOS (ID, ID_PRODUCTO, ID_RESERVA_HABITACION, FECHA_DE_GASTO) values (139, 11, 8, '17/04/2019');
INSERT INTO GASTOS (ID, ID_PRODUCTO, ID_RESERVA_HABITACION, FECHA_DE_GASTO) values (140, 6, 8, '17/04/2019');
INSERT INTO GASTOS (ID, ID_PRODUCTO, ID_RESERVA_HABITACION, FECHA_DE_GASTO) values (141, 12, 8, '17/04/2019');
INSERT INTO GASTOS (ID, ID_PRODUCTO, ID_RESERVA_HABITACION, FECHA_DE_GASTO) values (142, 9, 4, '17/04/2019');
INSERT INTO GASTOS (ID, ID_PRODUCTO, ID_RESERVA_HABITACION, FECHA_DE_GASTO) values (143, 12, 2, '17/04/2019');
INSERT INTO GASTOS (ID, ID_PRODUCTO, ID_RESERVA_HABITACION, FECHA_DE_GASTO) values (144, 2, 7, '17/04/2019');
INSERT INTO GASTOS (ID, ID_PRODUCTO, ID_RESERVA_HABITACION, FECHA_DE_GASTO) values (145, 12, 8, '17/04/2019');
INSERT INTO GASTOS (ID, ID_PRODUCTO, ID_RESERVA_HABITACION, FECHA_DE_GASTO) values (146, 16, 6, '17/04/2019');
INSERT INTO GASTOS (ID, ID_PRODUCTO, ID_RESERVA_HABITACION, FECHA_DE_GASTO) values (147, 20, 4, '17/04/2019');
INSERT INTO GASTOS (ID, ID_PRODUCTO, ID_RESERVA_HABITACION, FECHA_DE_GASTO) values (148, 16, 6, '17/04/2019');
INSERT INTO GASTOS (ID, ID_PRODUCTO, ID_RESERVA_HABITACION, FECHA_DE_GASTO) values (149, 19, 1, '17/04/2019');
INSERT INTO GASTOS (ID, ID_PRODUCTO, ID_RESERVA_HABITACION, FECHA_DE_GASTO) values (150, 12, 3, '17/04/2019');
INSERT INTO GASTOS (ID, ID_PRODUCTO, ID_RESERVA_HABITACION, FECHA_DE_GASTO) values (151, 19, 1, '17/04/2019');
INSERT INTO GASTOS (ID, ID_PRODUCTO, ID_RESERVA_HABITACION, FECHA_DE_GASTO) values (152, 2, 7, '17/04/2019');
INSERT INTO GASTOS (ID, ID_PRODUCTO, ID_RESERVA_HABITACION, FECHA_DE_GASTO) values (153, 15, 2, '17/04/2019');
INSERT INTO GASTOS (ID, ID_PRODUCTO, ID_RESERVA_HABITACION, FECHA_DE_GASTO) values (154, 9, 6, '17/04/2019');
INSERT INTO GASTOS (ID, ID_PRODUCTO, ID_RESERVA_HABITACION, FECHA_DE_GASTO) values (155, 13, 8, '17/04/2019');
INSERT INTO GASTOS (ID, ID_PRODUCTO, ID_RESERVA_HABITACION, FECHA_DE_GASTO) values (156, 11, 2, '17/04/2019');
INSERT INTO GASTOS (ID, ID_PRODUCTO, ID_RESERVA_HABITACION, FECHA_DE_GASTO) values (157, 7, 5, '17/04/2019');
INSERT INTO GASTOS (ID, ID_PRODUCTO, ID_RESERVA_HABITACION, FECHA_DE_GASTO) values (158, 11, 8, '17/04/2019');
INSERT INTO GASTOS (ID, ID_PRODUCTO, ID_RESERVA_HABITACION, FECHA_DE_GASTO) values (159, 8, 3, '17/04/2019');
INSERT INTO GASTOS (ID, ID_PRODUCTO, ID_RESERVA_HABITACION, FECHA_DE_GASTO) values (160, 14, 5, '17/04/2019');
INSERT INTO GASTOS (ID, ID_PRODUCTO, ID_RESERVA_HABITACION, FECHA_DE_GASTO) values (161, 10, 1, '17/04/2019');
INSERT INTO GASTOS (ID, ID_PRODUCTO, ID_RESERVA_HABITACION, FECHA_DE_GASTO) values (162, 9, 9, '17/04/2019');
INSERT INTO GASTOS (ID, ID_PRODUCTO, ID_RESERVA_HABITACION, FECHA_DE_GASTO) values (163, 15, 3, '17/04/2019');
INSERT INTO GASTOS (ID, ID_PRODUCTO, ID_RESERVA_HABITACION, FECHA_DE_GASTO) values (164, 5, 5, '17/04/2019');
INSERT INTO GASTOS (ID, ID_PRODUCTO, ID_RESERVA_HABITACION, FECHA_DE_GASTO) values (165, 20, 5, '17/04/2019');
INSERT INTO GASTOS (ID, ID_PRODUCTO, ID_RESERVA_HABITACION, FECHA_DE_GASTO) values (166, 14, 1, '17/04/2019');
INSERT INTO GASTOS (ID, ID_PRODUCTO, ID_RESERVA_HABITACION, FECHA_DE_GASTO) values (167, 9, 3, '17/04/2019');
INSERT INTO GASTOS (ID, ID_PRODUCTO, ID_RESERVA_HABITACION, FECHA_DE_GASTO) values (168, 10, 3, '17/04/2019');
INSERT INTO GASTOS (ID, ID_PRODUCTO, ID_RESERVA_HABITACION, FECHA_DE_GASTO) values (169, 7, 5, '17/04/2019');
INSERT INTO GASTOS (ID, ID_PRODUCTO, ID_RESERVA_HABITACION, FECHA_DE_GASTO) values (170, 5, 8, '17/04/2019');
INSERT INTO GASTOS (ID, ID_PRODUCTO, ID_RESERVA_HABITACION, FECHA_DE_GASTO) values (171, 16, 2, '17/04/2019');
INSERT INTO GASTOS (ID, ID_PRODUCTO, ID_RESERVA_HABITACION, FECHA_DE_GASTO) values (172, 8, 1, '17/04/2019');
INSERT INTO GASTOS (ID, ID_PRODUCTO, ID_RESERVA_HABITACION, FECHA_DE_GASTO) values (173, 2, 9, '17/04/2019');
INSERT INTO GASTOS (ID, ID_PRODUCTO, ID_RESERVA_HABITACION, FECHA_DE_GASTO) values (174, 2, 5, '17/04/2019');
INSERT INTO GASTOS (ID, ID_PRODUCTO, ID_RESERVA_HABITACION, FECHA_DE_GASTO) values (175, 17, 9, '17/04/2019');
INSERT INTO GASTOS (ID, ID_PRODUCTO, ID_RESERVA_HABITACION, FECHA_DE_GASTO) values (176, 10, 3, '17/04/2019');
INSERT INTO GASTOS (ID, ID_PRODUCTO, ID_RESERVA_HABITACION, FECHA_DE_GASTO) values (177, 6, 4, '17/04/2019');
INSERT INTO GASTOS (ID, ID_PRODUCTO, ID_RESERVA_HABITACION, FECHA_DE_GASTO) values (178, 17, 1, '17/04/2019');
INSERT INTO GASTOS (ID, ID_PRODUCTO, ID_RESERVA_HABITACION, FECHA_DE_GASTO) values (179, 12, 4, '17/04/2019');
INSERT INTO GASTOS (ID, ID_PRODUCTO, ID_RESERVA_HABITACION, FECHA_DE_GASTO) values (180, 18, 4, '17/04/2019');
INSERT INTO GASTOS (ID, ID_PRODUCTO, ID_RESERVA_HABITACION, FECHA_DE_GASTO) values (181, 18, 3, '17/04/2019');
INSERT INTO GASTOS (ID, ID_PRODUCTO, ID_RESERVA_HABITACION, FECHA_DE_GASTO) values (182, 1, 5, '17/04/2019');
INSERT INTO GASTOS (ID, ID_PRODUCTO, ID_RESERVA_HABITACION, FECHA_DE_GASTO) values (183, 10, 2, '17/04/2019');
INSERT INTO GASTOS (ID, ID_PRODUCTO, ID_RESERVA_HABITACION, FECHA_DE_GASTO) values (184, 19, 8, '17/04/2019');
INSERT INTO GASTOS (ID, ID_PRODUCTO, ID_RESERVA_HABITACION, FECHA_DE_GASTO) values (185, 5, 6, '17/04/2019');
INSERT INTO GASTOS (ID, ID_PRODUCTO, ID_RESERVA_HABITACION, FECHA_DE_GASTO) values (186, 14, 2, '17/04/2019');
INSERT INTO GASTOS (ID, ID_PRODUCTO, ID_RESERVA_HABITACION, FECHA_DE_GASTO) values (187, 10, 7, '17/04/2019');
INSERT INTO GASTOS (ID, ID_PRODUCTO, ID_RESERVA_HABITACION, FECHA_DE_GASTO) values (188, 8, 4, '17/04/2019');
INSERT INTO GASTOS (ID, ID_PRODUCTO, ID_RESERVA_HABITACION, FECHA_DE_GASTO) values (189, 18, 3, '17/04/2019');
INSERT INTO GASTOS (ID, ID_PRODUCTO, ID_RESERVA_HABITACION, FECHA_DE_GASTO) values (190, 19, 1, '17/04/2019');
INSERT INTO GASTOS (ID, ID_PRODUCTO, ID_RESERVA_HABITACION, FECHA_DE_GASTO) values (191, 9, 5, '17/04/2019');
INSERT INTO GASTOS (ID, ID_PRODUCTO, ID_RESERVA_HABITACION, FECHA_DE_GASTO) values (192, 12, 3, '17/04/2019');
INSERT INTO GASTOS (ID, ID_PRODUCTO, ID_RESERVA_HABITACION, FECHA_DE_GASTO) values (193, 6, 4, '17/04/2019');
INSERT INTO GASTOS (ID, ID_PRODUCTO, ID_RESERVA_HABITACION, FECHA_DE_GASTO) values (194, 15, 4, '17/04/2019');
INSERT INTO GASTOS (ID, ID_PRODUCTO, ID_RESERVA_HABITACION, FECHA_DE_GASTO) values (195, 17, 8, '17/04/2019');
INSERT INTO GASTOS (ID, ID_PRODUCTO, ID_RESERVA_HABITACION, FECHA_DE_GASTO) values (196, 4, 4, '17/04/2019');
INSERT INTO GASTOS (ID, ID_PRODUCTO, ID_RESERVA_HABITACION, FECHA_DE_GASTO) values (197, 12, 8, '17/04/2019');
INSERT INTO GASTOS (ID, ID_PRODUCTO, ID_RESERVA_HABITACION, FECHA_DE_GASTO) values (198, 9, 8, '17/04/2019');
INSERT INTO GASTOS (ID, ID_PRODUCTO, ID_RESERVA_HABITACION, FECHA_DE_GASTO) values (199, 5, 9, '17/04/2019');
INSERT INTO GASTOS (ID, ID_PRODUCTO, ID_RESERVA_HABITACION, FECHA_DE_GASTO) values (200, 15, 6, '17/04/2019');
INSERT INTO GASTOS (ID, ID_PRODUCTO, ID_RESERVA_HABITACION, FECHA_DE_GASTO) values (201, 4, 2, '17/04/2019');
INSERT INTO GASTOS (ID, ID_PRODUCTO, ID_RESERVA_HABITACION, FECHA_DE_GASTO) values (202, 8, 6, '17/04/2019');
INSERT INTO GASTOS (ID, ID_PRODUCTO, ID_RESERVA_HABITACION, FECHA_DE_GASTO) values (203, 19, 7, '17/04/2019');
INSERT INTO GASTOS (ID, ID_PRODUCTO, ID_RESERVA_HABITACION, FECHA_DE_GASTO) values (204, 12, 3, '17/04/2019');
INSERT INTO GASTOS (ID, ID_PRODUCTO, ID_RESERVA_HABITACION, FECHA_DE_GASTO) values (205, 3, 5, '17/04/2019');
INSERT INTO GASTOS (ID, ID_PRODUCTO, ID_RESERVA_HABITACION, FECHA_DE_GASTO) values (206, 19, 1, '17/04/2019');
INSERT INTO GASTOS (ID, ID_PRODUCTO, ID_RESERVA_HABITACION, FECHA_DE_GASTO) values (207, 12, 7, '17/04/2019');
INSERT INTO GASTOS (ID, ID_PRODUCTO, ID_RESERVA_HABITACION, FECHA_DE_GASTO) values (208, 4, 8, '17/04/2019');
INSERT INTO GASTOS (ID, ID_PRODUCTO, ID_RESERVA_HABITACION, FECHA_DE_GASTO) values (209, 5, 4, '17/04/2019');
INSERT INTO GASTOS (ID, ID_PRODUCTO, ID_RESERVA_HABITACION, FECHA_DE_GASTO) values (210, 7, 8, '17/04/2019');
INSERT INTO GASTOS (ID, ID_PRODUCTO, ID_RESERVA_HABITACION, FECHA_DE_GASTO) values (211, 12, 2, '17/04/2019');
INSERT INTO GASTOS (ID, ID_PRODUCTO, ID_RESERVA_HABITACION, FECHA_DE_GASTO) values (212, 3, 2, '17/04/2019');
INSERT INTO GASTOS (ID, ID_PRODUCTO, ID_RESERVA_HABITACION, FECHA_DE_GASTO) values (213, 20, 3, '17/04/2019');
INSERT INTO GASTOS (ID, ID_PRODUCTO, ID_RESERVA_HABITACION, FECHA_DE_GASTO) values (214, 18, 4, '17/04/2019');
INSERT INTO GASTOS (ID, ID_PRODUCTO, ID_RESERVA_HABITACION, FECHA_DE_GASTO) values (215, 5, 3, '17/04/2019');
INSERT INTO GASTOS (ID, ID_PRODUCTO, ID_RESERVA_HABITACION, FECHA_DE_GASTO) values (216, 16, 8, '17/04/2019');
INSERT INTO GASTOS (ID, ID_PRODUCTO, ID_RESERVA_HABITACION, FECHA_DE_GASTO) values (217, 4, 3, '17/04/2019');
INSERT INTO GASTOS (ID, ID_PRODUCTO, ID_RESERVA_HABITACION, FECHA_DE_GASTO) values (218, 12, 8, '17/04/2019');
INSERT INTO GASTOS (ID, ID_PRODUCTO, ID_RESERVA_HABITACION, FECHA_DE_GASTO) values (219, 1, 9, '17/04/2019');
INSERT INTO GASTOS (ID, ID_PRODUCTO, ID_RESERVA_HABITACION, FECHA_DE_GASTO) values (220, 6, 4, '17/04/2019');
INSERT INTO GASTOS (ID, ID_PRODUCTO, ID_RESERVA_HABITACION, FECHA_DE_GASTO) values (221, 15, 8, '17/04/2019');
INSERT INTO GASTOS (ID, ID_PRODUCTO, ID_RESERVA_HABITACION, FECHA_DE_GASTO) values (222, 10, 6, '17/04/2019');
INSERT INTO GASTOS (ID, ID_PRODUCTO, ID_RESERVA_HABITACION, FECHA_DE_GASTO) values (223, 18, 9, '17/04/2019');
INSERT INTO GASTOS (ID, ID_PRODUCTO, ID_RESERVA_HABITACION, FECHA_DE_GASTO) values (224, 9, 3, '17/04/2019');
INSERT INTO GASTOS (ID, ID_PRODUCTO, ID_RESERVA_HABITACION, FECHA_DE_GASTO) values (225, 12, 2, '17/04/2019');
INSERT INTO GASTOS (ID, ID_PRODUCTO, ID_RESERVA_HABITACION, FECHA_DE_GASTO) values (226, 14, 3, '17/04/2019');
INSERT INTO GASTOS (ID, ID_PRODUCTO, ID_RESERVA_HABITACION, FECHA_DE_GASTO) values (227, 9, 2, '17/04/2019');
INSERT INTO GASTOS (ID, ID_PRODUCTO, ID_RESERVA_HABITACION, FECHA_DE_GASTO) values (228, 7, 8, '17/04/2019');
INSERT INTO GASTOS (ID, ID_PRODUCTO, ID_RESERVA_HABITACION, FECHA_DE_GASTO) values (229, 11, 1, '17/04/2019');
INSERT INTO GASTOS (ID, ID_PRODUCTO, ID_RESERVA_HABITACION, FECHA_DE_GASTO) values (230, 10, 3, '17/04/2019');
INSERT INTO GASTOS (ID, ID_PRODUCTO, ID_RESERVA_HABITACION, FECHA_DE_GASTO) values (231, 19, 6, '17/04/2019');
INSERT INTO GASTOS (ID, ID_PRODUCTO, ID_RESERVA_HABITACION, FECHA_DE_GASTO) values (232, 5, 9, '17/04/2019');
INSERT INTO GASTOS (ID, ID_PRODUCTO, ID_RESERVA_HABITACION, FECHA_DE_GASTO) values (233, 9, 9, '17/04/2019');
INSERT INTO GASTOS (ID, ID_PRODUCTO, ID_RESERVA_HABITACION, FECHA_DE_GASTO) values (234, 20, 6, '17/04/2019');
INSERT INTO GASTOS (ID, ID_PRODUCTO, ID_RESERVA_HABITACION, FECHA_DE_GASTO) values (235, 7, 9, '17/04/2019');
INSERT INTO GASTOS (ID, ID_PRODUCTO, ID_RESERVA_HABITACION, FECHA_DE_GASTO) values (236, 9, 6, '17/04/2019');
INSERT INTO GASTOS (ID, ID_PRODUCTO, ID_RESERVA_HABITACION, FECHA_DE_GASTO) values (237, 12, 1, '17/04/2019');
INSERT INTO GASTOS (ID, ID_PRODUCTO, ID_RESERVA_HABITACION, FECHA_DE_GASTO) values (238, 11, 3, '17/04/2019');
INSERT INTO GASTOS (ID, ID_PRODUCTO, ID_RESERVA_HABITACION, FECHA_DE_GASTO) values (239, 12, 8, '17/04/2019');
INSERT INTO GASTOS (ID, ID_PRODUCTO, ID_RESERVA_HABITACION, FECHA_DE_GASTO) values (240, 6, 4, '17/04/2019');
INSERT INTO GASTOS (ID, ID_PRODUCTO, ID_RESERVA_HABITACION, FECHA_DE_GASTO) values (241, 7, 3, '17/04/2019');
INSERT INTO GASTOS (ID, ID_PRODUCTO, ID_RESERVA_HABITACION, FECHA_DE_GASTO) values (242, 18, 7, '17/04/2019');
INSERT INTO GASTOS (ID, ID_PRODUCTO, ID_RESERVA_HABITACION, FECHA_DE_GASTO) values (243, 19, 2, '17/04/2019');
INSERT INTO GASTOS (ID, ID_PRODUCTO, ID_RESERVA_HABITACION, FECHA_DE_GASTO) values (244, 14, 9, '17/04/2019');
INSERT INTO GASTOS (ID, ID_PRODUCTO, ID_RESERVA_HABITACION, FECHA_DE_GASTO) values (245, 18, 8, '17/04/2019');
INSERT INTO GASTOS (ID, ID_PRODUCTO, ID_RESERVA_HABITACION, FECHA_DE_GASTO) values (246, 8, 9, '17/04/2019');
INSERT INTO GASTOS (ID, ID_PRODUCTO, ID_RESERVA_HABITACION, FECHA_DE_GASTO) values (247, 15, 3, '17/04/2019');
INSERT INTO GASTOS (ID, ID_PRODUCTO, ID_RESERVA_HABITACION, FECHA_DE_GASTO) values (248, 20, 8, '17/04/2019');
INSERT INTO GASTOS (ID, ID_PRODUCTO, ID_RESERVA_HABITACION, FECHA_DE_GASTO) values (249, 7, 2, '17/04/2019');
INSERT INTO GASTOS (ID, ID_PRODUCTO, ID_RESERVA_HABITACION, FECHA_DE_GASTO) values (250, 19, 8, '17/04/2019');
INSERT INTO GASTOS (ID, ID_PRODUCTO, ID_RESERVA_HABITACION, FECHA_DE_GASTO) values (251, 20, 9, '17/04/2019');
INSERT INTO GASTOS (ID, ID_PRODUCTO, ID_RESERVA_HABITACION, FECHA_DE_GASTO) values (252, 11, 4, '17/04/2019');
INSERT INTO GASTOS (ID, ID_PRODUCTO, ID_RESERVA_HABITACION, FECHA_DE_GASTO) values (253, 6, 8, '17/04/2019');
INSERT INTO GASTOS (ID, ID_PRODUCTO, ID_RESERVA_HABITACION, FECHA_DE_GASTO) values (254, 11, 3, '17/04/2019');
INSERT INTO GASTOS (ID, ID_PRODUCTO, ID_RESERVA_HABITACION, FECHA_DE_GASTO) values (255, 16, 4, '17/04/2019');
INSERT INTO GASTOS (ID, ID_PRODUCTO, ID_RESERVA_HABITACION, FECHA_DE_GASTO) values (256, 13, 2, '17/04/2019');
INSERT INTO GASTOS (ID, ID_PRODUCTO, ID_RESERVA_HABITACION, FECHA_DE_GASTO) values (257, 9, 7, '17/04/2019');
INSERT INTO GASTOS (ID, ID_PRODUCTO, ID_RESERVA_HABITACION, FECHA_DE_GASTO) values (258, 12, 1, '17/04/2019');
INSERT INTO GASTOS (ID, ID_PRODUCTO, ID_RESERVA_HABITACION, FECHA_DE_GASTO) values (259, 18, 7, '17/04/2019');
INSERT INTO GASTOS (ID, ID_PRODUCTO, ID_RESERVA_HABITACION, FECHA_DE_GASTO) values (260, 15, 3, '17/04/2019');
INSERT INTO GASTOS (ID, ID_PRODUCTO, ID_RESERVA_HABITACION, FECHA_DE_GASTO) values (261, 19, 3, '17/04/2019');
INSERT INTO GASTOS (ID, ID_PRODUCTO, ID_RESERVA_HABITACION, FECHA_DE_GASTO) values (262, 3, 7, '17/04/2019');
INSERT INTO GASTOS (ID, ID_PRODUCTO, ID_RESERVA_HABITACION, FECHA_DE_GASTO) values (263, 16, 5, '17/04/2019');
INSERT INTO GASTOS (ID, ID_PRODUCTO, ID_RESERVA_HABITACION, FECHA_DE_GASTO) values (264, 5, 5, '17/04/2019');
INSERT INTO GASTOS (ID, ID_PRODUCTO, ID_RESERVA_HABITACION, FECHA_DE_GASTO) values (265, 17, 2, '17/04/2019');
INSERT INTO GASTOS (ID, ID_PRODUCTO, ID_RESERVA_HABITACION, FECHA_DE_GASTO) values (266, 15, 4, '17/04/2019');
INSERT INTO GASTOS (ID, ID_PRODUCTO, ID_RESERVA_HABITACION, FECHA_DE_GASTO) values (267, 9, 1, '17/04/2019');
INSERT INTO GASTOS (ID, ID_PRODUCTO, ID_RESERVA_HABITACION, FECHA_DE_GASTO) values (268, 16, 9, '17/04/2019');
INSERT INTO GASTOS (ID, ID_PRODUCTO, ID_RESERVA_HABITACION, FECHA_DE_GASTO) values (269, 5, 8, '17/04/2019');
INSERT INTO GASTOS (ID, ID_PRODUCTO, ID_RESERVA_HABITACION, FECHA_DE_GASTO) values (270, 20, 8, '17/04/2019');
INSERT INTO GASTOS (ID, ID_PRODUCTO, ID_RESERVA_HABITACION, FECHA_DE_GASTO) values (271, 12, 1, '17/04/2019');
INSERT INTO GASTOS (ID, ID_PRODUCTO, ID_RESERVA_HABITACION, FECHA_DE_GASTO) values (272, 19, 4, '17/04/2019');
INSERT INTO GASTOS (ID, ID_PRODUCTO, ID_RESERVA_HABITACION, FECHA_DE_GASTO) values (273, 6, 3, '17/04/2019');
INSERT INTO GASTOS (ID, ID_PRODUCTO, ID_RESERVA_HABITACION, FECHA_DE_GASTO) values (274, 19, 6, '17/04/2019');
INSERT INTO GASTOS (ID, ID_PRODUCTO, ID_RESERVA_HABITACION, FECHA_DE_GASTO) values (275, 9, 7, '17/04/2019');
INSERT INTO GASTOS (ID, ID_PRODUCTO, ID_RESERVA_HABITACION, FECHA_DE_GASTO) values (276, 11, 9, '17/04/2019');
INSERT INTO GASTOS (ID, ID_PRODUCTO, ID_RESERVA_HABITACION, FECHA_DE_GASTO) values (277, 13, 7, '17/04/2019');
INSERT INTO GASTOS (ID, ID_PRODUCTO, ID_RESERVA_HABITACION, FECHA_DE_GASTO) values (278, 5, 2, '17/04/2019');
INSERT INTO GASTOS (ID, ID_PRODUCTO, ID_RESERVA_HABITACION, FECHA_DE_GASTO) values (279, 16, 3, '17/04/2019');
INSERT INTO GASTOS (ID, ID_PRODUCTO, ID_RESERVA_HABITACION, FECHA_DE_GASTO) values (280, 11, 8, '17/04/2019');
INSERT INTO GASTOS (ID, ID_PRODUCTO, ID_RESERVA_HABITACION, FECHA_DE_GASTO) values (281, 19, 7, '17/04/2019');
INSERT INTO GASTOS (ID, ID_PRODUCTO, ID_RESERVA_HABITACION, FECHA_DE_GASTO) values (282, 2, 6, '17/04/2019');
INSERT INTO GASTOS (ID, ID_PRODUCTO, ID_RESERVA_HABITACION, FECHA_DE_GASTO) values (283, 14, 1, '17/04/2019');
INSERT INTO GASTOS (ID, ID_PRODUCTO, ID_RESERVA_HABITACION, FECHA_DE_GASTO) values (284, 8, 3, '17/04/2019');
INSERT INTO GASTOS (ID, ID_PRODUCTO, ID_RESERVA_HABITACION, FECHA_DE_GASTO) values (285, 15, 9, '17/04/2019');
INSERT INTO GASTOS (ID, ID_PRODUCTO, ID_RESERVA_HABITACION, FECHA_DE_GASTO) values (286, 7, 3, '17/04/2019');
INSERT INTO GASTOS (ID, ID_PRODUCTO, ID_RESERVA_HABITACION, FECHA_DE_GASTO) values (287, 4, 7, '17/04/2019');
INSERT INTO GASTOS (ID, ID_PRODUCTO, ID_RESERVA_HABITACION, FECHA_DE_GASTO) values (288, 2, 7, '17/04/2019');
INSERT INTO GASTOS (ID, ID_PRODUCTO, ID_RESERVA_HABITACION, FECHA_DE_GASTO) values (289, 4, 7, '17/04/2019');
INSERT INTO GASTOS (ID, ID_PRODUCTO, ID_RESERVA_HABITACION, FECHA_DE_GASTO) values (290, 7, 7, '17/04/2019');
INSERT INTO GASTOS (ID, ID_PRODUCTO, ID_RESERVA_HABITACION, FECHA_DE_GASTO) values (291, 2, 7, '17/04/2019');
INSERT INTO GASTOS (ID, ID_PRODUCTO, ID_RESERVA_HABITACION, FECHA_DE_GASTO) values (292, 10, 9, '17/04/2019');
INSERT INTO GASTOS (ID, ID_PRODUCTO, ID_RESERVA_HABITACION, FECHA_DE_GASTO) values (293, 7, 9, '17/04/2019');
INSERT INTO GASTOS (ID, ID_PRODUCTO, ID_RESERVA_HABITACION, FECHA_DE_GASTO) values (294, 7, 3, '17/04/2019');
INSERT INTO GASTOS (ID, ID_PRODUCTO, ID_RESERVA_HABITACION, FECHA_DE_GASTO) values (295, 12, 5, '17/04/2019');
INSERT INTO GASTOS (ID, ID_PRODUCTO, ID_RESERVA_HABITACION, FECHA_DE_GASTO) values (296, 19, 1, '17/04/2019');
INSERT INTO GASTOS (ID, ID_PRODUCTO, ID_RESERVA_HABITACION, FECHA_DE_GASTO) values (297, 12, 7, '17/04/2019');
INSERT INTO GASTOS (ID, ID_PRODUCTO, ID_RESERVA_HABITACION, FECHA_DE_GASTO) values (298, 19, 6, '17/04/2019');
INSERT INTO GASTOS (ID, ID_PRODUCTO, ID_RESERVA_HABITACION, FECHA_DE_GASTO) values (299, 10, 8, '17/04/2019');
INSERT INTO GASTOS (ID, ID_PRODUCTO, ID_RESERVA_HABITACION, FECHA_DE_GASTO) values (300, 4, 4, '17/04/2019');
INSERT INTO GASTOS (ID, ID_PRODUCTO, ID_RESERVA_HABITACION, FECHA_DE_GASTO) values (301, 15, 6, '17/04/2019');
INSERT INTO GASTOS (ID, ID_PRODUCTO, ID_RESERVA_HABITACION, FECHA_DE_GASTO) values (302, 10, 3, '17/04/2019');
INSERT INTO GASTOS (ID, ID_PRODUCTO, ID_RESERVA_HABITACION, FECHA_DE_GASTO) values (303, 20, 4, '17/04/2019');
INSERT INTO GASTOS (ID, ID_PRODUCTO, ID_RESERVA_HABITACION, FECHA_DE_GASTO) values (304, 5, 8, '17/04/2019');
INSERT INTO GASTOS (ID, ID_PRODUCTO, ID_RESERVA_HABITACION, FECHA_DE_GASTO) values (305, 7, 7, '17/04/2019');
INSERT INTO GASTOS (ID, ID_PRODUCTO, ID_RESERVA_HABITACION, FECHA_DE_GASTO) values (306, 8, 7, '17/04/2019');
INSERT INTO GASTOS (ID, ID_PRODUCTO, ID_RESERVA_HABITACION, FECHA_DE_GASTO) values (307, 13, 4, '17/04/2019');
INSERT INTO GASTOS (ID, ID_PRODUCTO, ID_RESERVA_HABITACION, FECHA_DE_GASTO) values (308, 17, 6, '17/04/2019');
INSERT INTO GASTOS (ID, ID_PRODUCTO, ID_RESERVA_HABITACION, FECHA_DE_GASTO) values (309, 16, 7, '17/04/2019');
INSERT INTO GASTOS (ID, ID_PRODUCTO, ID_RESERVA_HABITACION, FECHA_DE_GASTO) values (310, 4, 7, '17/04/2019');
INSERT INTO GASTOS (ID, ID_PRODUCTO, ID_RESERVA_HABITACION, FECHA_DE_GASTO) values (311, 3, 5, '17/04/2019');
INSERT INTO GASTOS (ID, ID_PRODUCTO, ID_RESERVA_HABITACION, FECHA_DE_GASTO) values (312, 3, 7, '17/04/2019');
INSERT INTO GASTOS (ID, ID_PRODUCTO, ID_RESERVA_HABITACION, FECHA_DE_GASTO) values (313, 10, 1, '17/04/2019');
INSERT INTO GASTOS (ID, ID_PRODUCTO, ID_RESERVA_HABITACION, FECHA_DE_GASTO) values (314, 11, 2, '17/04/2019');
INSERT INTO GASTOS (ID, ID_PRODUCTO, ID_RESERVA_HABITACION, FECHA_DE_GASTO) values (315, 2, 8, '17/04/2019');
INSERT INTO GASTOS (ID, ID_PRODUCTO, ID_RESERVA_HABITACION, FECHA_DE_GASTO) values (316, 13, 7, '17/04/2019');
INSERT INTO GASTOS (ID, ID_PRODUCTO, ID_RESERVA_HABITACION, FECHA_DE_GASTO) values (317, 13, 2, '17/04/2019');
INSERT INTO GASTOS (ID, ID_PRODUCTO, ID_RESERVA_HABITACION, FECHA_DE_GASTO) values (318, 16, 8, '17/04/2019');
INSERT INTO GASTOS (ID, ID_PRODUCTO, ID_RESERVA_HABITACION, FECHA_DE_GASTO) values (319, 19, 5, '17/04/2019');
INSERT INTO GASTOS (ID, ID_PRODUCTO, ID_RESERVA_HABITACION, FECHA_DE_GASTO) values (320, 1, 9, '17/04/2019');
INSERT INTO GASTOS (ID, ID_PRODUCTO, ID_RESERVA_HABITACION, FECHA_DE_GASTO) values (321, 9, 8, '17/04/2019');
INSERT INTO GASTOS (ID, ID_PRODUCTO, ID_RESERVA_HABITACION, FECHA_DE_GASTO) values (322, 18, 3, '17/04/2019');
INSERT INTO GASTOS (ID, ID_PRODUCTO, ID_RESERVA_HABITACION, FECHA_DE_GASTO) values (323, 15, 6, '17/04/2019');
INSERT INTO GASTOS (ID, ID_PRODUCTO, ID_RESERVA_HABITACION, FECHA_DE_GASTO) values (324, 14, 1, '17/04/2019');
INSERT INTO GASTOS (ID, ID_PRODUCTO, ID_RESERVA_HABITACION, FECHA_DE_GASTO) values (325, 3, 5, '17/04/2019');
INSERT INTO GASTOS (ID, ID_PRODUCTO, ID_RESERVA_HABITACION, FECHA_DE_GASTO) values (326, 5, 6, '17/04/2019');
INSERT INTO GASTOS (ID, ID_PRODUCTO, ID_RESERVA_HABITACION, FECHA_DE_GASTO) values (327, 16, 4, '17/04/2019');
INSERT INTO GASTOS (ID, ID_PRODUCTO, ID_RESERVA_HABITACION, FECHA_DE_GASTO) values (328, 15, 2, '17/04/2019');
INSERT INTO GASTOS (ID, ID_PRODUCTO, ID_RESERVA_HABITACION, FECHA_DE_GASTO) values (329, 6, 5, '17/04/2019');
INSERT INTO GASTOS (ID, ID_PRODUCTO, ID_RESERVA_HABITACION, FECHA_DE_GASTO) values (330, 9, 6, '17/04/2019');
INSERT INTO GASTOS (ID, ID_PRODUCTO, ID_RESERVA_HABITACION, FECHA_DE_GASTO) values (331, 2, 2, '17/04/2019');
INSERT INTO GASTOS (ID, ID_PRODUCTO, ID_RESERVA_HABITACION, FECHA_DE_GASTO) values (332, 9, 3, '17/04/2019');
INSERT INTO GASTOS (ID, ID_PRODUCTO, ID_RESERVA_HABITACION, FECHA_DE_GASTO) values (333, 4, 5, '17/04/2019');
INSERT INTO GASTOS (ID, ID_PRODUCTO, ID_RESERVA_HABITACION, FECHA_DE_GASTO) values (334, 15, 7, '17/04/2019');
INSERT INTO GASTOS (ID, ID_PRODUCTO, ID_RESERVA_HABITACION, FECHA_DE_GASTO) values (335, 4, 3, '17/04/2019');
INSERT INTO GASTOS (ID, ID_PRODUCTO, ID_RESERVA_HABITACION, FECHA_DE_GASTO) values (336, 2, 1, '17/04/2019');
INSERT INTO GASTOS (ID, ID_PRODUCTO, ID_RESERVA_HABITACION, FECHA_DE_GASTO) values (337, 2, 7, '17/04/2019');
INSERT INTO GASTOS (ID, ID_PRODUCTO, ID_RESERVA_HABITACION, FECHA_DE_GASTO) values (338, 3, 8, '17/04/2019');
INSERT INTO GASTOS (ID, ID_PRODUCTO, ID_RESERVA_HABITACION, FECHA_DE_GASTO) values (339, 11, 8, '17/04/2019');
INSERT INTO GASTOS (ID, ID_PRODUCTO, ID_RESERVA_HABITACION, FECHA_DE_GASTO) values (340, 19, 9, '17/04/2019');
INSERT INTO GASTOS (ID, ID_PRODUCTO, ID_RESERVA_HABITACION, FECHA_DE_GASTO) values (341, 9, 3, '17/04/2019');
INSERT INTO GASTOS (ID, ID_PRODUCTO, ID_RESERVA_HABITACION, FECHA_DE_GASTO) values (342, 9, 2, '17/04/2019');
INSERT INTO GASTOS (ID, ID_PRODUCTO, ID_RESERVA_HABITACION, FECHA_DE_GASTO) values (343, 6, 8, '17/04/2019');
INSERT INTO GASTOS (ID, ID_PRODUCTO, ID_RESERVA_HABITACION, FECHA_DE_GASTO) values (344, 10, 9, '17/04/2019');
INSERT INTO GASTOS (ID, ID_PRODUCTO, ID_RESERVA_HABITACION, FECHA_DE_GASTO) values (345, 16, 2, '17/04/2019');
INSERT INTO GASTOS (ID, ID_PRODUCTO, ID_RESERVA_HABITACION, FECHA_DE_GASTO) values (346, 3, 9, '17/04/2019');
INSERT INTO GASTOS (ID, ID_PRODUCTO, ID_RESERVA_HABITACION, FECHA_DE_GASTO) values (347, 20, 7, '17/04/2019');
INSERT INTO GASTOS (ID, ID_PRODUCTO, ID_RESERVA_HABITACION, FECHA_DE_GASTO) values (348, 7, 8, '17/04/2019');
INSERT INTO GASTOS (ID, ID_PRODUCTO, ID_RESERVA_HABITACION, FECHA_DE_GASTO) values (349, 13, 5, '17/04/2019');
INSERT INTO GASTOS (ID, ID_PRODUCTO, ID_RESERVA_HABITACION, FECHA_DE_GASTO) values (350, 10, 6, '17/04/2019');
INSERT INTO GASTOS (ID, ID_PRODUCTO, ID_RESERVA_HABITACION, FECHA_DE_GASTO) values (351, 7, 3, '17/04/2019');
INSERT INTO GASTOS (ID, ID_PRODUCTO, ID_RESERVA_HABITACION, FECHA_DE_GASTO) values (352, 14, 4, '17/04/2019');
INSERT INTO GASTOS (ID, ID_PRODUCTO, ID_RESERVA_HABITACION, FECHA_DE_GASTO) values (353, 18, 1, '17/04/2019');
INSERT INTO GASTOS (ID, ID_PRODUCTO, ID_RESERVA_HABITACION, FECHA_DE_GASTO) values (354, 8, 6, '17/04/2019');
INSERT INTO GASTOS (ID, ID_PRODUCTO, ID_RESERVA_HABITACION, FECHA_DE_GASTO) values (355, 18, 1, '17/04/2019');
INSERT INTO GASTOS (ID, ID_PRODUCTO, ID_RESERVA_HABITACION, FECHA_DE_GASTO) values (356, 17, 1, '17/04/2019');
INSERT INTO GASTOS (ID, ID_PRODUCTO, ID_RESERVA_HABITACION, FECHA_DE_GASTO) values (357, 8, 7, '17/04/2019');
INSERT INTO GASTOS (ID, ID_PRODUCTO, ID_RESERVA_HABITACION, FECHA_DE_GASTO) values (358, 6, 4, '17/04/2019');
INSERT INTO GASTOS (ID, ID_PRODUCTO, ID_RESERVA_HABITACION, FECHA_DE_GASTO) values (359, 4, 7, '17/04/2019');
INSERT INTO GASTOS (ID, ID_PRODUCTO, ID_RESERVA_HABITACION, FECHA_DE_GASTO) values (360, 19, 6, '17/04/2019');
INSERT INTO GASTOS (ID, ID_PRODUCTO, ID_RESERVA_HABITACION, FECHA_DE_GASTO) values (361, 7, 1, '17/04/2019');
INSERT INTO GASTOS (ID, ID_PRODUCTO, ID_RESERVA_HABITACION, FECHA_DE_GASTO) values (362, 20, 5, '17/04/2019');
INSERT INTO GASTOS (ID, ID_PRODUCTO, ID_RESERVA_HABITACION, FECHA_DE_GASTO) values (363, 12, 7, '17/04/2019');
INSERT INTO GASTOS (ID, ID_PRODUCTO, ID_RESERVA_HABITACION, FECHA_DE_GASTO) values (364, 19, 8, '17/04/2019');
INSERT INTO GASTOS (ID, ID_PRODUCTO, ID_RESERVA_HABITACION, FECHA_DE_GASTO) values (365, 6, 6, '17/04/2019');
INSERT INTO GASTOS (ID, ID_PRODUCTO, ID_RESERVA_HABITACION, FECHA_DE_GASTO) values (366, 1, 1, '17/04/2019');
INSERT INTO GASTOS (ID, ID_PRODUCTO, ID_RESERVA_HABITACION, FECHA_DE_GASTO) values (367, 16, 6, '17/04/2019');
INSERT INTO GASTOS (ID, ID_PRODUCTO, ID_RESERVA_HABITACION, FECHA_DE_GASTO) values (368, 12, 9, '17/04/2019');
INSERT INTO GASTOS (ID, ID_PRODUCTO, ID_RESERVA_HABITACION, FECHA_DE_GASTO) values (369, 6, 4, '17/04/2019');
INSERT INTO GASTOS (ID, ID_PRODUCTO, ID_RESERVA_HABITACION, FECHA_DE_GASTO) values (370, 17, 7, '17/04/2019');
INSERT INTO GASTOS (ID, ID_PRODUCTO, ID_RESERVA_HABITACION, FECHA_DE_GASTO) values (371, 8, 1, '17/04/2019');
INSERT INTO GASTOS (ID, ID_PRODUCTO, ID_RESERVA_HABITACION, FECHA_DE_GASTO) values (372, 9, 7, '17/04/2019');
INSERT INTO GASTOS (ID, ID_PRODUCTO, ID_RESERVA_HABITACION, FECHA_DE_GASTO) values (373, 15, 9, '17/04/2019');
INSERT INTO GASTOS (ID, ID_PRODUCTO, ID_RESERVA_HABITACION, FECHA_DE_GASTO) values (374, 13, 4, '17/04/2019');
INSERT INTO GASTOS (ID, ID_PRODUCTO, ID_RESERVA_HABITACION, FECHA_DE_GASTO) values (375, 1, 7, '17/04/2019');
INSERT INTO GASTOS (ID, ID_PRODUCTO, ID_RESERVA_HABITACION, FECHA_DE_GASTO) values (376, 10, 6, '17/04/2019');
INSERT INTO GASTOS (ID, ID_PRODUCTO, ID_RESERVA_HABITACION, FECHA_DE_GASTO) values (377, 12, 9, '17/04/2019');
INSERT INTO GASTOS (ID, ID_PRODUCTO, ID_RESERVA_HABITACION, FECHA_DE_GASTO) values (378, 15, 6, '17/04/2019');
INSERT INTO GASTOS (ID, ID_PRODUCTO, ID_RESERVA_HABITACION, FECHA_DE_GASTO) values (379, 13, 4, '17/04/2019');
INSERT INTO GASTOS (ID, ID_PRODUCTO, ID_RESERVA_HABITACION, FECHA_DE_GASTO) values (380, 15, 5, '17/04/2019');
INSERT INTO GASTOS (ID, ID_PRODUCTO, ID_RESERVA_HABITACION, FECHA_DE_GASTO) values (381, 6, 8, '17/04/2019');
INSERT INTO GASTOS (ID, ID_PRODUCTO, ID_RESERVA_HABITACION, FECHA_DE_GASTO) values (382, 12, 3, '17/04/2019');
INSERT INTO GASTOS (ID, ID_PRODUCTO, ID_RESERVA_HABITACION, FECHA_DE_GASTO) values (383, 1, 7, '17/04/2019');
INSERT INTO GASTOS (ID, ID_PRODUCTO, ID_RESERVA_HABITACION, FECHA_DE_GASTO) values (384, 11, 6, '17/04/2019');
INSERT INTO GASTOS (ID, ID_PRODUCTO, ID_RESERVA_HABITACION, FECHA_DE_GASTO) values (385, 16, 5, '17/04/2019');
INSERT INTO GASTOS (ID, ID_PRODUCTO, ID_RESERVA_HABITACION, FECHA_DE_GASTO) values (386, 9, 2, '17/04/2019');
INSERT INTO GASTOS (ID, ID_PRODUCTO, ID_RESERVA_HABITACION, FECHA_DE_GASTO) values (387, 9, 5, '17/04/2019');
INSERT INTO GASTOS (ID, ID_PRODUCTO, ID_RESERVA_HABITACION, FECHA_DE_GASTO) values (388, 3, 7, '17/04/2019');
INSERT INTO GASTOS (ID, ID_PRODUCTO, ID_RESERVA_HABITACION, FECHA_DE_GASTO) values (389, 5, 7, '17/04/2019');
INSERT INTO GASTOS (ID, ID_PRODUCTO, ID_RESERVA_HABITACION, FECHA_DE_GASTO) values (390, 13, 7, '17/04/2019');
INSERT INTO GASTOS (ID, ID_PRODUCTO, ID_RESERVA_HABITACION, FECHA_DE_GASTO) values (391, 19, 8, '17/04/2019');
INSERT INTO GASTOS (ID, ID_PRODUCTO, ID_RESERVA_HABITACION, FECHA_DE_GASTO) values (392, 17, 3, '17/04/2019');
INSERT INTO GASTOS (ID, ID_PRODUCTO, ID_RESERVA_HABITACION, FECHA_DE_GASTO) values (393, 5, 4, '17/04/2019');
INSERT INTO GASTOS (ID, ID_PRODUCTO, ID_RESERVA_HABITACION, FECHA_DE_GASTO) values (394, 16, 3, '17/04/2019');
INSERT INTO GASTOS (ID, ID_PRODUCTO, ID_RESERVA_HABITACION, FECHA_DE_GASTO) values (395, 13, 5, '17/04/2019');
INSERT INTO GASTOS (ID, ID_PRODUCTO, ID_RESERVA_HABITACION, FECHA_DE_GASTO) values (396, 1, 1, '17/04/2019');
INSERT INTO GASTOS (ID, ID_PRODUCTO, ID_RESERVA_HABITACION, FECHA_DE_GASTO) values (397, 18, 4, '17/04/2019');
INSERT INTO GASTOS (ID, ID_PRODUCTO, ID_RESERVA_HABITACION, FECHA_DE_GASTO) values (398, 11, 8, '17/04/2019');
INSERT INTO GASTOS (ID, ID_PRODUCTO, ID_RESERVA_HABITACION, FECHA_DE_GASTO) values (399, 15, 9, '17/04/2019');
INSERT INTO GASTOS (ID, ID_PRODUCTO, ID_RESERVA_HABITACION, FECHA_DE_GASTO) values (400, 8, 4, '17/04/2019');
INSERT INTO GASTOS (ID, ID_PRODUCTO, ID_RESERVA_HABITACION, FECHA_DE_GASTO) values (401, 5, 6, '17/04/2019');
INSERT INTO GASTOS (ID, ID_PRODUCTO, ID_RESERVA_HABITACION, FECHA_DE_GASTO) values (402, 8, 6, '17/04/2019');
INSERT INTO GASTOS (ID, ID_PRODUCTO, ID_RESERVA_HABITACION, FECHA_DE_GASTO) values (403, 8, 2, '17/04/2019');
INSERT INTO GASTOS (ID, ID_PRODUCTO, ID_RESERVA_HABITACION, FECHA_DE_GASTO) values (404, 6, 9, '17/04/2019');
INSERT INTO GASTOS (ID, ID_PRODUCTO, ID_RESERVA_HABITACION, FECHA_DE_GASTO) values (405, 6, 4, '17/04/2019');
INSERT INTO GASTOS (ID, ID_PRODUCTO, ID_RESERVA_HABITACION, FECHA_DE_GASTO) values (406, 5, 3, '17/04/2019');
INSERT INTO GASTOS (ID, ID_PRODUCTO, ID_RESERVA_HABITACION, FECHA_DE_GASTO) values (407, 9, 8, '17/04/2019');
INSERT INTO GASTOS (ID, ID_PRODUCTO, ID_RESERVA_HABITACION, FECHA_DE_GASTO) values (408, 2, 8, '17/04/2019');
INSERT INTO GASTOS (ID, ID_PRODUCTO, ID_RESERVA_HABITACION, FECHA_DE_GASTO) values (409, 17, 2, '17/04/2019');
INSERT INTO GASTOS (ID, ID_PRODUCTO, ID_RESERVA_HABITACION, FECHA_DE_GASTO) values (410, 5, 2, '17/04/2019');
INSERT INTO GASTOS (ID, ID_PRODUCTO, ID_RESERVA_HABITACION, FECHA_DE_GASTO) values (411, 17, 2, '17/04/2019');
INSERT INTO GASTOS (ID, ID_PRODUCTO, ID_RESERVA_HABITACION, FECHA_DE_GASTO) values (412, 15, 9, '17/04/2019');
INSERT INTO GASTOS (ID, ID_PRODUCTO, ID_RESERVA_HABITACION, FECHA_DE_GASTO) values (413, 14, 5, '17/04/2019');
INSERT INTO GASTOS (ID, ID_PRODUCTO, ID_RESERVA_HABITACION, FECHA_DE_GASTO) values (414, 18, 2, '17/04/2019');
INSERT INTO GASTOS (ID, ID_PRODUCTO, ID_RESERVA_HABITACION, FECHA_DE_GASTO) values (415, 6, 1, '17/04/2019');
INSERT INTO GASTOS (ID, ID_PRODUCTO, ID_RESERVA_HABITACION, FECHA_DE_GASTO) values (416, 14, 5, '17/04/2019');
INSERT INTO GASTOS (ID, ID_PRODUCTO, ID_RESERVA_HABITACION, FECHA_DE_GASTO) values (417, 19, 8, '17/04/2019');
INSERT INTO GASTOS (ID, ID_PRODUCTO, ID_RESERVA_HABITACION, FECHA_DE_GASTO) values (418, 5, 3, '17/04/2019');
INSERT INTO GASTOS (ID, ID_PRODUCTO, ID_RESERVA_HABITACION, FECHA_DE_GASTO) values (419, 9, 8, '17/04/2019');
INSERT INTO GASTOS (ID, ID_PRODUCTO, ID_RESERVA_HABITACION, FECHA_DE_GASTO) values (420, 10, 2, '17/04/2019');
INSERT INTO GASTOS (ID, ID_PRODUCTO, ID_RESERVA_HABITACION, FECHA_DE_GASTO) values (421, 6, 7, '17/04/2019');
INSERT INTO GASTOS (ID, ID_PRODUCTO, ID_RESERVA_HABITACION, FECHA_DE_GASTO) values (422, 15, 3, '17/04/2019');
INSERT INTO GASTOS (ID, ID_PRODUCTO, ID_RESERVA_HABITACION, FECHA_DE_GASTO) values (423, 18, 6, '17/04/2019');
INSERT INTO GASTOS (ID, ID_PRODUCTO, ID_RESERVA_HABITACION, FECHA_DE_GASTO) values (424, 3, 5, '17/04/2019');
INSERT INTO GASTOS (ID, ID_PRODUCTO, ID_RESERVA_HABITACION, FECHA_DE_GASTO) values (425, 7, 4, '17/04/2019');
INSERT INTO GASTOS (ID, ID_PRODUCTO, ID_RESERVA_HABITACION, FECHA_DE_GASTO) values (426, 17, 4, '17/04/2019');
INSERT INTO GASTOS (ID, ID_PRODUCTO, ID_RESERVA_HABITACION, FECHA_DE_GASTO) values (427, 1, 6, '17/04/2019');
INSERT INTO GASTOS (ID, ID_PRODUCTO, ID_RESERVA_HABITACION, FECHA_DE_GASTO) values (428, 7, 9, '17/04/2019');
INSERT INTO GASTOS (ID, ID_PRODUCTO, ID_RESERVA_HABITACION, FECHA_DE_GASTO) values (429, 3, 3, '17/04/2019');
INSERT INTO GASTOS (ID, ID_PRODUCTO, ID_RESERVA_HABITACION, FECHA_DE_GASTO) values (430, 10, 1, '17/04/2019');
INSERT INTO GASTOS (ID, ID_PRODUCTO, ID_RESERVA_HABITACION, FECHA_DE_GASTO) values (431, 2, 3, '17/04/2019');
INSERT INTO GASTOS (ID, ID_PRODUCTO, ID_RESERVA_HABITACION, FECHA_DE_GASTO) values (432, 18, 8, '17/04/2019');
INSERT INTO GASTOS (ID, ID_PRODUCTO, ID_RESERVA_HABITACION, FECHA_DE_GASTO) values (433, 13, 7, '17/04/2019');
INSERT INTO GASTOS (ID, ID_PRODUCTO, ID_RESERVA_HABITACION, FECHA_DE_GASTO) values (434, 8, 6, '17/04/2019');
INSERT INTO GASTOS (ID, ID_PRODUCTO, ID_RESERVA_HABITACION, FECHA_DE_GASTO) values (435, 7, 7, '17/04/2019');
INSERT INTO GASTOS (ID, ID_PRODUCTO, ID_RESERVA_HABITACION, FECHA_DE_GASTO) values (436, 5, 1, '17/04/2019');
INSERT INTO GASTOS (ID, ID_PRODUCTO, ID_RESERVA_HABITACION, FECHA_DE_GASTO) values (437, 3, 2, '17/04/2019');
INSERT INTO GASTOS (ID, ID_PRODUCTO, ID_RESERVA_HABITACION, FECHA_DE_GASTO) values (438, 11, 1, '17/04/2019');
INSERT INTO GASTOS (ID, ID_PRODUCTO, ID_RESERVA_HABITACION, FECHA_DE_GASTO) values (439, 17, 3, '17/04/2019');
INSERT INTO GASTOS (ID, ID_PRODUCTO, ID_RESERVA_HABITACION, FECHA_DE_GASTO) values (440, 16, 2, '17/04/2019');
INSERT INTO GASTOS (ID, ID_PRODUCTO, ID_RESERVA_HABITACION, FECHA_DE_GASTO) values (441, 16, 1, '17/04/2019');
INSERT INTO GASTOS (ID, ID_PRODUCTO, ID_RESERVA_HABITACION, FECHA_DE_GASTO) values (442, 18, 8, '17/04/2019');
INSERT INTO GASTOS (ID, ID_PRODUCTO, ID_RESERVA_HABITACION, FECHA_DE_GASTO) values (443, 7, 8, '17/04/2019');
INSERT INTO GASTOS (ID, ID_PRODUCTO, ID_RESERVA_HABITACION, FECHA_DE_GASTO) values (444, 4, 2, '17/04/2019');
INSERT INTO GASTOS (ID, ID_PRODUCTO, ID_RESERVA_HABITACION, FECHA_DE_GASTO) values (445, 1, 2, '17/04/2019');
INSERT INTO GASTOS (ID, ID_PRODUCTO, ID_RESERVA_HABITACION, FECHA_DE_GASTO) values (446, 16, 6, '17/04/2019');
INSERT INTO GASTOS (ID, ID_PRODUCTO, ID_RESERVA_HABITACION, FECHA_DE_GASTO) values (447, 18, 6, '17/04/2019');
INSERT INTO GASTOS (ID, ID_PRODUCTO, ID_RESERVA_HABITACION, FECHA_DE_GASTO) values (448, 16, 9, '17/04/2019');
INSERT INTO GASTOS (ID, ID_PRODUCTO, ID_RESERVA_HABITACION, FECHA_DE_GASTO) values (449, 13, 7, '17/04/2019');
INSERT INTO GASTOS (ID, ID_PRODUCTO, ID_RESERVA_HABITACION, FECHA_DE_GASTO) values (450, 18, 3, '17/04/2019');
INSERT INTO GASTOS (ID, ID_PRODUCTO, ID_RESERVA_HABITACION, FECHA_DE_GASTO) values (451, 2, 4, '17/04/2019');
INSERT INTO GASTOS (ID, ID_PRODUCTO, ID_RESERVA_HABITACION, FECHA_DE_GASTO) values (452, 2, 1, '17/04/2019');
INSERT INTO GASTOS (ID, ID_PRODUCTO, ID_RESERVA_HABITACION, FECHA_DE_GASTO) values (453, 14, 7, '17/04/2019');
INSERT INTO GASTOS (ID, ID_PRODUCTO, ID_RESERVA_HABITACION, FECHA_DE_GASTO) values (454, 17, 3, '17/04/2019');
INSERT INTO GASTOS (ID, ID_PRODUCTO, ID_RESERVA_HABITACION, FECHA_DE_GASTO) values (455, 7, 3, '17/04/2019');
INSERT INTO GASTOS (ID, ID_PRODUCTO, ID_RESERVA_HABITACION, FECHA_DE_GASTO) values (456, 6, 9, '17/04/2019');
INSERT INTO GASTOS (ID, ID_PRODUCTO, ID_RESERVA_HABITACION, FECHA_DE_GASTO) values (457, 11, 1, '17/04/2019');
INSERT INTO GASTOS (ID, ID_PRODUCTO, ID_RESERVA_HABITACION, FECHA_DE_GASTO) values (458, 2, 6, '17/04/2019');
INSERT INTO GASTOS (ID, ID_PRODUCTO, ID_RESERVA_HABITACION, FECHA_DE_GASTO) values (459, 4, 7, '17/04/2019');
INSERT INTO GASTOS (ID, ID_PRODUCTO, ID_RESERVA_HABITACION, FECHA_DE_GASTO) values (460, 7, 5, '17/04/2019');
INSERT INTO GASTOS (ID, ID_PRODUCTO, ID_RESERVA_HABITACION, FECHA_DE_GASTO) values (461, 11, 4, '17/04/2019');
INSERT INTO GASTOS (ID, ID_PRODUCTO, ID_RESERVA_HABITACION, FECHA_DE_GASTO) values (462, 5, 2, '17/04/2019');
INSERT INTO GASTOS (ID, ID_PRODUCTO, ID_RESERVA_HABITACION, FECHA_DE_GASTO) values (463, 16, 8, '17/04/2019');
INSERT INTO GASTOS (ID, ID_PRODUCTO, ID_RESERVA_HABITACION, FECHA_DE_GASTO) values (464, 10, 2, '17/04/2019');
INSERT INTO GASTOS (ID, ID_PRODUCTO, ID_RESERVA_HABITACION, FECHA_DE_GASTO) values (465, 9, 1, '17/04/2019');
INSERT INTO GASTOS (ID, ID_PRODUCTO, ID_RESERVA_HABITACION, FECHA_DE_GASTO) values (466, 1, 9, '17/04/2019');
INSERT INTO GASTOS (ID, ID_PRODUCTO, ID_RESERVA_HABITACION, FECHA_DE_GASTO) values (467, 3, 2, '17/04/2019');
INSERT INTO GASTOS (ID, ID_PRODUCTO, ID_RESERVA_HABITACION, FECHA_DE_GASTO) values (468, 3, 9, '17/04/2019');
INSERT INTO GASTOS (ID, ID_PRODUCTO, ID_RESERVA_HABITACION, FECHA_DE_GASTO) values (469, 6, 2, '17/04/2019');
INSERT INTO GASTOS (ID, ID_PRODUCTO, ID_RESERVA_HABITACION, FECHA_DE_GASTO) values (470, 15, 4, '17/04/2019');
INSERT INTO GASTOS (ID, ID_PRODUCTO, ID_RESERVA_HABITACION, FECHA_DE_GASTO) values (471, 12, 9, '17/04/2019');
INSERT INTO GASTOS (ID, ID_PRODUCTO, ID_RESERVA_HABITACION, FECHA_DE_GASTO) values (472, 20, 6, '17/04/2019');
INSERT INTO GASTOS (ID, ID_PRODUCTO, ID_RESERVA_HABITACION, FECHA_DE_GASTO) values (473, 16, 1, '17/04/2019');
INSERT INTO GASTOS (ID, ID_PRODUCTO, ID_RESERVA_HABITACION, FECHA_DE_GASTO) values (474, 5, 9, '17/04/2019');
INSERT INTO GASTOS (ID, ID_PRODUCTO, ID_RESERVA_HABITACION, FECHA_DE_GASTO) values (475, 10, 3, '17/04/2019');
INSERT INTO GASTOS (ID, ID_PRODUCTO, ID_RESERVA_HABITACION, FECHA_DE_GASTO) values (476, 17, 9, '17/04/2019');
INSERT INTO GASTOS (ID, ID_PRODUCTO, ID_RESERVA_HABITACION, FECHA_DE_GASTO) values (477, 3, 7, '17/04/2019');
INSERT INTO GASTOS (ID, ID_PRODUCTO, ID_RESERVA_HABITACION, FECHA_DE_GASTO) values (478, 11, 2, '17/04/2019');
INSERT INTO GASTOS (ID, ID_PRODUCTO, ID_RESERVA_HABITACION, FECHA_DE_GASTO) values (479, 11, 3, '17/04/2019');
INSERT INTO GASTOS (ID, ID_PRODUCTO, ID_RESERVA_HABITACION, FECHA_DE_GASTO) values (480, 4, 5, '17/04/2019');
INSERT INTO GASTOS (ID, ID_PRODUCTO, ID_RESERVA_HABITACION, FECHA_DE_GASTO) values (481, 1, 7, '17/04/2019');
INSERT INTO GASTOS (ID, ID_PRODUCTO, ID_RESERVA_HABITACION, FECHA_DE_GASTO) values (482, 14, 8, '17/04/2019');
INSERT INTO GASTOS (ID, ID_PRODUCTO, ID_RESERVA_HABITACION, FECHA_DE_GASTO) values (483, 14, 8, '17/04/2019');
INSERT INTO GASTOS (ID, ID_PRODUCTO, ID_RESERVA_HABITACION, FECHA_DE_GASTO) values (484, 10, 2, '17/04/2019');
INSERT INTO GASTOS (ID, ID_PRODUCTO, ID_RESERVA_HABITACION, FECHA_DE_GASTO) values (485, 3, 4, '17/04/2019');
INSERT INTO GASTOS (ID, ID_PRODUCTO, ID_RESERVA_HABITACION, FECHA_DE_GASTO) values (486, 9, 1, '17/04/2019');
INSERT INTO GASTOS (ID, ID_PRODUCTO, ID_RESERVA_HABITACION, FECHA_DE_GASTO) values (487, 2, 4, '17/04/2019');
INSERT INTO GASTOS (ID, ID_PRODUCTO, ID_RESERVA_HABITACION, FECHA_DE_GASTO) values (488, 5, 7, '17/04/2019');
INSERT INTO GASTOS (ID, ID_PRODUCTO, ID_RESERVA_HABITACION, FECHA_DE_GASTO) values (489, 7, 6, '17/04/2019');
INSERT INTO GASTOS (ID, ID_PRODUCTO, ID_RESERVA_HABITACION, FECHA_DE_GASTO) values (490, 10, 8, '17/04/2019');
INSERT INTO GASTOS (ID, ID_PRODUCTO, ID_RESERVA_HABITACION, FECHA_DE_GASTO) values (491, 17, 5, '17/04/2019');
INSERT INTO GASTOS (ID, ID_PRODUCTO, ID_RESERVA_HABITACION, FECHA_DE_GASTO) values (492, 11, 7, '17/04/2019');
INSERT INTO GASTOS (ID, ID_PRODUCTO, ID_RESERVA_HABITACION, FECHA_DE_GASTO) values (493, 18, 7, '17/04/2019');
INSERT INTO GASTOS (ID, ID_PRODUCTO, ID_RESERVA_HABITACION, FECHA_DE_GASTO) values (494, 5, 7, '17/04/2019');
INSERT INTO GASTOS (ID, ID_PRODUCTO, ID_RESERVA_HABITACION, FECHA_DE_GASTO) values (495, 6, 1, '17/04/2019');
INSERT INTO GASTOS (ID, ID_PRODUCTO, ID_RESERVA_HABITACION, FECHA_DE_GASTO) values (496, 15, 2, '17/04/2019');
INSERT INTO GASTOS (ID, ID_PRODUCTO, ID_RESERVA_HABITACION, FECHA_DE_GASTO) values (497, 3, 5, '17/04/2019');
INSERT INTO GASTOS (ID, ID_PRODUCTO, ID_RESERVA_HABITACION, FECHA_DE_GASTO) values (498, 4, 5, '17/04/2019');
INSERT INTO GASTOS (ID, ID_PRODUCTO, ID_RESERVA_HABITACION, FECHA_DE_GASTO) values (499, 15, 9, '17/04/2019');
INSERT INTO GASTOS (ID, ID_PRODUCTO, ID_RESERVA_HABITACION, FECHA_DE_GASTO) values (500, 10, 9, '17/04/2019');
INSERT INTO GASTOS (ID, ID_PRODUCTO, ID_RESERVA_HABITACION, FECHA_DE_GASTO) values (501, 10, 1, '17/04/2019');
INSERT INTO GASTOS (ID, ID_PRODUCTO, ID_RESERVA_HABITACION, FECHA_DE_GASTO) values (502, 16, 3, '17/04/2019');
INSERT INTO GASTOS (ID, ID_PRODUCTO, ID_RESERVA_HABITACION, FECHA_DE_GASTO) values (503, 16, 3, '17/04/2019');
INSERT INTO GASTOS (ID, ID_PRODUCTO, ID_RESERVA_HABITACION, FECHA_DE_GASTO) values (504, 2, 9, '17/04/2019');
INSERT INTO GASTOS (ID, ID_PRODUCTO, ID_RESERVA_HABITACION, FECHA_DE_GASTO) values (505, 2, 9, '17/04/2019');
INSERT INTO GASTOS (ID, ID_PRODUCTO, ID_RESERVA_HABITACION, FECHA_DE_GASTO) values (506, 5, 3, '17/04/2019');
INSERT INTO GASTOS (ID, ID_PRODUCTO, ID_RESERVA_HABITACION, FECHA_DE_GASTO) values (507, 3, 6, '17/04/2019');
INSERT INTO GASTOS (ID, ID_PRODUCTO, ID_RESERVA_HABITACION, FECHA_DE_GASTO) values (508, 4, 5, '17/04/2019');
INSERT INTO GASTOS (ID, ID_PRODUCTO, ID_RESERVA_HABITACION, FECHA_DE_GASTO) values (509, 16, 1, '17/04/2019');
INSERT INTO GASTOS (ID, ID_PRODUCTO, ID_RESERVA_HABITACION, FECHA_DE_GASTO) values (510, 15, 5, '17/04/2019');
INSERT INTO GASTOS (ID, ID_PRODUCTO, ID_RESERVA_HABITACION, FECHA_DE_GASTO) values (511, 4, 6, '17/04/2019');
INSERT INTO GASTOS (ID, ID_PRODUCTO, ID_RESERVA_HABITACION, FECHA_DE_GASTO) values (512, 9, 7, '17/04/2019');
INSERT INTO GASTOS (ID, ID_PRODUCTO, ID_RESERVA_HABITACION, FECHA_DE_GASTO) values (513, 3, 5, '17/04/2019');
INSERT INTO GASTOS (ID, ID_PRODUCTO, ID_RESERVA_HABITACION, FECHA_DE_GASTO) values (514, 20, 4, '17/04/2019');
INSERT INTO GASTOS (ID, ID_PRODUCTO, ID_RESERVA_HABITACION, FECHA_DE_GASTO) values (515, 16, 5, '17/04/2019');
INSERT INTO GASTOS (ID, ID_PRODUCTO, ID_RESERVA_HABITACION, FECHA_DE_GASTO) values (516, 18, 1, '17/04/2019');
INSERT INTO GASTOS (ID, ID_PRODUCTO, ID_RESERVA_HABITACION, FECHA_DE_GASTO) values (517, 14, 5, '17/04/2019');
INSERT INTO GASTOS (ID, ID_PRODUCTO, ID_RESERVA_HABITACION, FECHA_DE_GASTO) values (518, 13, 7, '17/04/2019');
INSERT INTO GASTOS (ID, ID_PRODUCTO, ID_RESERVA_HABITACION, FECHA_DE_GASTO) values (519, 7, 3, '17/04/2019');
INSERT INTO GASTOS (ID, ID_PRODUCTO, ID_RESERVA_HABITACION, FECHA_DE_GASTO) values (520, 1, 6, '17/04/2019');
INSERT INTO GASTOS (ID, ID_PRODUCTO, ID_RESERVA_HABITACION, FECHA_DE_GASTO) values (521, 1, 1, '17/04/2019');
INSERT INTO GASTOS (ID, ID_PRODUCTO, ID_RESERVA_HABITACION, FECHA_DE_GASTO) values (522, 13, 4, '17/04/2019');
INSERT INTO GASTOS (ID, ID_PRODUCTO, ID_RESERVA_HABITACION, FECHA_DE_GASTO) values (523, 10, 2, '17/04/2019');
INSERT INTO GASTOS (ID, ID_PRODUCTO, ID_RESERVA_HABITACION, FECHA_DE_GASTO) values (524, 13, 9, '17/04/2019');
INSERT INTO GASTOS (ID, ID_PRODUCTO, ID_RESERVA_HABITACION, FECHA_DE_GASTO) values (525, 13, 7, '17/04/2019');
INSERT INTO GASTOS (ID, ID_PRODUCTO, ID_RESERVA_HABITACION, FECHA_DE_GASTO) values (526, 12, 2, '17/04/2019');
INSERT INTO GASTOS (ID, ID_PRODUCTO, ID_RESERVA_HABITACION, FECHA_DE_GASTO) values (527, 16, 9, '17/04/2019');
INSERT INTO GASTOS (ID, ID_PRODUCTO, ID_RESERVA_HABITACION, FECHA_DE_GASTO) values (528, 12, 7, '17/04/2019');
INSERT INTO GASTOS (ID, ID_PRODUCTO, ID_RESERVA_HABITACION, FECHA_DE_GASTO) values (529, 1, 7, '17/04/2019');
INSERT INTO GASTOS (ID, ID_PRODUCTO, ID_RESERVA_HABITACION, FECHA_DE_GASTO) values (530, 4, 9, '17/04/2019');
INSERT INTO GASTOS (ID, ID_PRODUCTO, ID_RESERVA_HABITACION, FECHA_DE_GASTO) values (531, 8, 4, '17/04/2019');
INSERT INTO GASTOS (ID, ID_PRODUCTO, ID_RESERVA_HABITACION, FECHA_DE_GASTO) values (532, 3, 1, '17/04/2019');
INSERT INTO GASTOS (ID, ID_PRODUCTO, ID_RESERVA_HABITACION, FECHA_DE_GASTO) values (533, 2, 6, '17/04/2019');
INSERT INTO GASTOS (ID, ID_PRODUCTO, ID_RESERVA_HABITACION, FECHA_DE_GASTO) values (534, 4, 3, '17/04/2019');
INSERT INTO GASTOS (ID, ID_PRODUCTO, ID_RESERVA_HABITACION, FECHA_DE_GASTO) values (535, 3, 5, '17/04/2019');
INSERT INTO GASTOS (ID, ID_PRODUCTO, ID_RESERVA_HABITACION, FECHA_DE_GASTO) values (536, 18, 2, '17/04/2019');
INSERT INTO GASTOS (ID, ID_PRODUCTO, ID_RESERVA_HABITACION, FECHA_DE_GASTO) values (537, 3, 7, '17/04/2019');
INSERT INTO GASTOS (ID, ID_PRODUCTO, ID_RESERVA_HABITACION, FECHA_DE_GASTO) values (538, 8, 8, '17/04/2019');
INSERT INTO GASTOS (ID, ID_PRODUCTO, ID_RESERVA_HABITACION, FECHA_DE_GASTO) values (539, 11, 7, '17/04/2019');
INSERT INTO GASTOS (ID, ID_PRODUCTO, ID_RESERVA_HABITACION, FECHA_DE_GASTO) values (540, 6, 2, '17/04/2019');
INSERT INTO GASTOS (ID, ID_PRODUCTO, ID_RESERVA_HABITACION, FECHA_DE_GASTO) values (541, 7, 4, '17/04/2019');
INSERT INTO GASTOS (ID, ID_PRODUCTO, ID_RESERVA_HABITACION, FECHA_DE_GASTO) values (542, 12, 2, '17/04/2019');
INSERT INTO GASTOS (ID, ID_PRODUCTO, ID_RESERVA_HABITACION, FECHA_DE_GASTO) values (543, 4, 8, '17/04/2019');
INSERT INTO GASTOS (ID, ID_PRODUCTO, ID_RESERVA_HABITACION, FECHA_DE_GASTO) values (544, 3, 4, '17/04/2019');
INSERT INTO GASTOS (ID, ID_PRODUCTO, ID_RESERVA_HABITACION, FECHA_DE_GASTO) values (545, 6, 2, '17/04/2019');
INSERT INTO GASTOS (ID, ID_PRODUCTO, ID_RESERVA_HABITACION, FECHA_DE_GASTO) values (546, 1, 4, '17/04/2019');
INSERT INTO GASTOS (ID, ID_PRODUCTO, ID_RESERVA_HABITACION, FECHA_DE_GASTO) values (547, 8, 2, '17/04/2019');
INSERT INTO GASTOS (ID, ID_PRODUCTO, ID_RESERVA_HABITACION, FECHA_DE_GASTO) values (548, 1, 8, '17/04/2019');
INSERT INTO GASTOS (ID, ID_PRODUCTO, ID_RESERVA_HABITACION, FECHA_DE_GASTO) values (549, 14, 5, '17/04/2019');
INSERT INTO GASTOS (ID, ID_PRODUCTO, ID_RESERVA_HABITACION, FECHA_DE_GASTO) values (550, 10, 8, '17/04/2019');
INSERT INTO GASTOS (ID, ID_PRODUCTO, ID_RESERVA_HABITACION, FECHA_DE_GASTO) values (551, 14, 6, '17/04/2019');
INSERT INTO GASTOS (ID, ID_PRODUCTO, ID_RESERVA_HABITACION, FECHA_DE_GASTO) values (552, 14, 7, '17/04/2019');
INSERT INTO GASTOS (ID, ID_PRODUCTO, ID_RESERVA_HABITACION, FECHA_DE_GASTO) values (553, 16, 2, '17/04/2019');
INSERT INTO GASTOS (ID, ID_PRODUCTO, ID_RESERVA_HABITACION, FECHA_DE_GASTO) values (554, 10, 7, '17/04/2019');
INSERT INTO GASTOS (ID, ID_PRODUCTO, ID_RESERVA_HABITACION, FECHA_DE_GASTO) values (555, 4, 7, '17/04/2019');
INSERT INTO GASTOS (ID, ID_PRODUCTO, ID_RESERVA_HABITACION, FECHA_DE_GASTO) values (556, 10, 6, '17/04/2019');
INSERT INTO GASTOS (ID, ID_PRODUCTO, ID_RESERVA_HABITACION, FECHA_DE_GASTO) values (557, 16, 6, '17/04/2019');
INSERT INTO GASTOS (ID, ID_PRODUCTO, ID_RESERVA_HABITACION, FECHA_DE_GASTO) values (558, 5, 9, '17/04/2019');
INSERT INTO GASTOS (ID, ID_PRODUCTO, ID_RESERVA_HABITACION, FECHA_DE_GASTO) values (559, 10, 1, '17/04/2019');
INSERT INTO GASTOS (ID, ID_PRODUCTO, ID_RESERVA_HABITACION, FECHA_DE_GASTO) values (560, 20, 6, '17/04/2019');
INSERT INTO GASTOS (ID, ID_PRODUCTO, ID_RESERVA_HABITACION, FECHA_DE_GASTO) values (561, 10, 8, '17/04/2019');
INSERT INTO GASTOS (ID, ID_PRODUCTO, ID_RESERVA_HABITACION, FECHA_DE_GASTO) values (562, 11, 2, '17/04/2019');
INSERT INTO GASTOS (ID, ID_PRODUCTO, ID_RESERVA_HABITACION, FECHA_DE_GASTO) values (563, 18, 2, '17/04/2019');
INSERT INTO GASTOS (ID, ID_PRODUCTO, ID_RESERVA_HABITACION, FECHA_DE_GASTO) values (564, 1, 7, '17/04/2019');
INSERT INTO GASTOS (ID, ID_PRODUCTO, ID_RESERVA_HABITACION, FECHA_DE_GASTO) values (565, 4, 8, '17/04/2019');
INSERT INTO GASTOS (ID, ID_PRODUCTO, ID_RESERVA_HABITACION, FECHA_DE_GASTO) values (566, 20, 4, '17/04/2019');
INSERT INTO GASTOS (ID, ID_PRODUCTO, ID_RESERVA_HABITACION, FECHA_DE_GASTO) values (567, 20, 2, '17/04/2019');
INSERT INTO GASTOS (ID, ID_PRODUCTO, ID_RESERVA_HABITACION, FECHA_DE_GASTO) values (568, 13, 8, '17/04/2019');
INSERT INTO GASTOS (ID, ID_PRODUCTO, ID_RESERVA_HABITACION, FECHA_DE_GASTO) values (569, 3, 6, '17/04/2019');
INSERT INTO GASTOS (ID, ID_PRODUCTO, ID_RESERVA_HABITACION, FECHA_DE_GASTO) values (570, 4, 6, '17/04/2019');
INSERT INTO GASTOS (ID, ID_PRODUCTO, ID_RESERVA_HABITACION, FECHA_DE_GASTO) values (571, 10, 4, '17/04/2019');
INSERT INTO GASTOS (ID, ID_PRODUCTO, ID_RESERVA_HABITACION, FECHA_DE_GASTO) values (572, 19, 1, '17/04/2019');
INSERT INTO GASTOS (ID, ID_PRODUCTO, ID_RESERVA_HABITACION, FECHA_DE_GASTO) values (573, 17, 7, '17/04/2019');
INSERT INTO GASTOS (ID, ID_PRODUCTO, ID_RESERVA_HABITACION, FECHA_DE_GASTO) values (574, 16, 3, '17/04/2019');
INSERT INTO GASTOS (ID, ID_PRODUCTO, ID_RESERVA_HABITACION, FECHA_DE_GASTO) values (575, 6, 9, '17/04/2019');
INSERT INTO GASTOS (ID, ID_PRODUCTO, ID_RESERVA_HABITACION, FECHA_DE_GASTO) values (576, 16, 8, '17/04/2019');
INSERT INTO GASTOS (ID, ID_PRODUCTO, ID_RESERVA_HABITACION, FECHA_DE_GASTO) values (577, 13, 6, '17/04/2019');
INSERT INTO GASTOS (ID, ID_PRODUCTO, ID_RESERVA_HABITACION, FECHA_DE_GASTO) values (578, 11, 6, '17/04/2019');
INSERT INTO GASTOS (ID, ID_PRODUCTO, ID_RESERVA_HABITACION, FECHA_DE_GASTO) values (579, 14, 4, '17/04/2019');
INSERT INTO GASTOS (ID, ID_PRODUCTO, ID_RESERVA_HABITACION, FECHA_DE_GASTO) values (580, 16, 8, '17/04/2019');
INSERT INTO GASTOS (ID, ID_PRODUCTO, ID_RESERVA_HABITACION, FECHA_DE_GASTO) values (581, 6, 4, '17/04/2019');
INSERT INTO GASTOS (ID, ID_PRODUCTO, ID_RESERVA_HABITACION, FECHA_DE_GASTO) values (582, 8, 5, '17/04/2019');
INSERT INTO GASTOS (ID, ID_PRODUCTO, ID_RESERVA_HABITACION, FECHA_DE_GASTO) values (583, 1, 9, '17/04/2019');
INSERT INTO GASTOS (ID, ID_PRODUCTO, ID_RESERVA_HABITACION, FECHA_DE_GASTO) values (584, 16, 1, '17/04/2019');
INSERT INTO GASTOS (ID, ID_PRODUCTO, ID_RESERVA_HABITACION, FECHA_DE_GASTO) values (585, 17, 3, '17/04/2019');
INSERT INTO GASTOS (ID, ID_PRODUCTO, ID_RESERVA_HABITACION, FECHA_DE_GASTO) values (586, 12, 1, '17/04/2019');
INSERT INTO GASTOS (ID, ID_PRODUCTO, ID_RESERVA_HABITACION, FECHA_DE_GASTO) values (587, 3, 3, '17/04/2019');
INSERT INTO GASTOS (ID, ID_PRODUCTO, ID_RESERVA_HABITACION, FECHA_DE_GASTO) values (588, 2, 9, '17/04/2019');
INSERT INTO GASTOS (ID, ID_PRODUCTO, ID_RESERVA_HABITACION, FECHA_DE_GASTO) values (589, 1, 2, '17/04/2019');
INSERT INTO GASTOS (ID, ID_PRODUCTO, ID_RESERVA_HABITACION, FECHA_DE_GASTO) values (590, 8, 8, '17/04/2019');
INSERT INTO GASTOS (ID, ID_PRODUCTO, ID_RESERVA_HABITACION, FECHA_DE_GASTO) values (591, 5, 5, '17/04/2019');
INSERT INTO GASTOS (ID, ID_PRODUCTO, ID_RESERVA_HABITACION, FECHA_DE_GASTO) values (592, 4, 6, '17/04/2019');
INSERT INTO GASTOS (ID, ID_PRODUCTO, ID_RESERVA_HABITACION, FECHA_DE_GASTO) values (593, 12, 4, '17/04/2019');
INSERT INTO GASTOS (ID, ID_PRODUCTO, ID_RESERVA_HABITACION, FECHA_DE_GASTO) values (594, 5, 8, '17/04/2019');
INSERT INTO GASTOS (ID, ID_PRODUCTO, ID_RESERVA_HABITACION, FECHA_DE_GASTO) values (595, 3, 6, '17/04/2019');
INSERT INTO GASTOS (ID, ID_PRODUCTO, ID_RESERVA_HABITACION, FECHA_DE_GASTO) values (596, 11, 4, '17/04/2019');
INSERT INTO GASTOS (ID, ID_PRODUCTO, ID_RESERVA_HABITACION, FECHA_DE_GASTO) values (597, 8, 1, '17/04/2019');
INSERT INTO GASTOS (ID, ID_PRODUCTO, ID_RESERVA_HABITACION, FECHA_DE_GASTO) values (598, 2, 7, '17/04/2019');
INSERT INTO GASTOS (ID, ID_PRODUCTO, ID_RESERVA_HABITACION, FECHA_DE_GASTO) values (599, 17, 5, '17/04/2019');
INSERT INTO GASTOS (ID, ID_PRODUCTO, ID_RESERVA_HABITACION, FECHA_DE_GASTO) values (600, 18, 8, '17/04/2019');

COMMIT;